ISO-10303-21;
HEADER;
/* Generated by software containing ST-Developer
 * from STEP Tools, Inc. (www.steptools.com) 
 */

FILE_DESCRIPTION(
/* description */ (''),
/* implementation_level */ '2;1');

FILE_NAME(
/* name */ 'INDX link board mount.step',
/* time_stamp */ '2026-08-01T11:10:01+02:00',
/* author */ (''),
/* organization */ (''),
/* preprocessor_version */ 'ST-DEVELOPER v20.1',
/* originating_system */ 'Autodesk Translation Framework v15.8.0.0',
/* authorisation */ '');

FILE_SCHEMA (('AUTOMOTIVE_DESIGN { 1 0 10303 214 3 1 1 }'));
ENDSEC;

DATA;
#10=MECHANICAL_DESIGN_GEOMETRIC_PRESENTATION_REPRESENTATION('',(#29,#30),
#3785);
#11=SHAPE_REPRESENTATION_RELATIONSHIP('SRR','None',#3792,#12);
#12=ADVANCED_BREP_SHAPE_REPRESENTATION('',(#31,#32),#3784);
#13=B_SPLINE_SURFACE_WITH_KNOTS('',3,1,((#3447,#3448),(#3449,#3450),(#3451,
#3452),(#3453,#3454),(#3455,#3456)),.UNSPECIFIED.,.F.,.F.,.F.,(4,1,4),(2,
2),(0.,0.0632402904930289,0.143188210884031),(0.,0.2),.UNSPECIFIED.);
#14=B_SPLINE_SURFACE_WITH_KNOTS('',3,1,((#3464,#3465),(#3466,#3467),(#3468,
#3469),(#3470,#3471),(#3472,#3473)),.UNSPECIFIED.,.F.,.F.,.F.,(4,1,4),(2,
2),(0.,0.0608679230157897,0.130039316384487),(0.,0.2),.UNSPECIFIED.);
#15=B_SPLINE_SURFACE_WITH_KNOTS('',3,1,((#3481,#3482),(#3483,#3484),(#3485,
#3486),(#3487,#3488),(#3489,#3490)),.UNSPECIFIED.,.F.,.F.,.F.,(4,1,4),(2,
2),(0.,0.086278369099007,0.165085454389587),(0.,0.2),.UNSPECIFIED.);
#16=B_SPLINE_SURFACE_WITH_KNOTS('',3,1,((#3498,#3499),(#3500,#3501),(#3502,
#3503),(#3504,#3505),(#3506,#3507)),.UNSPECIFIED.,.F.,.F.,.F.,(4,1,4),(2,
2),(0.,0.0914073312179742,0.171199173980482),(0.,0.2),.UNSPECIFIED.);
#17=B_SPLINE_SURFACE_WITH_KNOTS('',3,1,((#3515,#3516),(#3517,#3518),(#3519,
#3520),(#3521,#3522),(#3523,#3524)),.UNSPECIFIED.,.F.,.F.,.F.,(4,1,4),(2,
2),(0.,0.087119178111448,0.189963107823856),(0.,0.2),.UNSPECIFIED.);
#18=B_SPLINE_SURFACE_WITH_KNOTS('',3,1,((#3532,#3533),(#3534,#3535),(#3536,
#3537),(#3538,#3539),(#3540,#3541)),.UNSPECIFIED.,.F.,.F.,.F.,(4,1,4),(2,
2),(0.,0.0730175608169471,0.150105977628291),(0.,0.2),.UNSPECIFIED.);
#19=B_SPLINE_SURFACE_WITH_KNOTS('',3,1,((#3549,#3550),(#3551,#3552),(#3553,
#3554),(#3555,#3556),(#3557,#3558)),.UNSPECIFIED.,.F.,.F.,.F.,(4,1,4),(2,
2),(0.,0.0708273881636887,0.141435193438563),(0.,0.2),.UNSPECIFIED.);
#20=B_SPLINE_SURFACE_WITH_KNOTS('',3,1,((#3566,#3567),(#3568,#3569),(#3570,
#3571),(#3572,#3573),(#3574,#3575)),.UNSPECIFIED.,.F.,.F.,.F.,(4,1,4),(2,
2),(0.,0.087362476262519,0.152102650957838),(0.,0.2),.UNSPECIFIED.);
#21=B_SPLINE_SURFACE_WITH_KNOTS('',3,1,((#3589,#3590),(#3591,#3592),(#3593,
#3594),(#3595,#3596),(#3597,#3598)),.UNSPECIFIED.,.F.,.F.,.F.,(4,1,4),(2,
2),(0.,0.0499857920998485,0.131875165373642),(0.,0.2),.UNSPECIFIED.);
#22=B_SPLINE_SURFACE_WITH_KNOTS('',3,1,((#3608,#3609),(#3610,#3611),(#3612,
#3613),(#3614,#3615),(#3616,#3617)),.UNSPECIFIED.,.F.,.F.,.F.,(4,1,4),(2,
2),(0.,0.0404296992375872,0.0838230685318321),(0.,0.2),.UNSPECIFIED.);
#23=B_SPLINE_SURFACE_WITH_KNOTS('',3,1,((#3625,#3626),(#3627,#3628),(#3629,
#3630),(#3631,#3632),(#3633,#3634)),.UNSPECIFIED.,.F.,.F.,.F.,(4,1,4),(2,
2),(0.,0.0479782620236392,0.0899921419161698),(0.,0.2),.UNSPECIFIED.);
#24=B_SPLINE_SURFACE_WITH_KNOTS('',3,1,((#3642,#3643),(#3644,#3645),(#3646,
#3647),(#3648,#3649),(#3650,#3651)),.UNSPECIFIED.,.F.,.F.,.F.,(4,1,4),(2,
2),(0.,0.0814273842946962,0.142597812546139),(0.,0.2),.UNSPECIFIED.);
#25=B_SPLINE_SURFACE_WITH_KNOTS('',3,1,((#3659,#3660),(#3661,#3662),(#3663,
#3664),(#3665,#3666),(#3667,#3668)),.UNSPECIFIED.,.F.,.F.,.F.,(4,1,4),(2,
2),(0.,0.064157062429995,0.146598148028174),(0.,0.2),.UNSPECIFIED.);
#26=B_SPLINE_SURFACE_WITH_KNOTS('',3,1,((#3676,#3677),(#3678,#3679),(#3680,
#3681),(#3682,#3683),(#3684,#3685)),.UNSPECIFIED.,.F.,.F.,.F.,(4,1,4),(2,
2),(0.,0.0386339762025054,0.0880736981920503),(0.,0.2),.UNSPECIFIED.);
#27=B_SPLINE_SURFACE_WITH_KNOTS('',3,1,((#3693,#3694),(#3695,#3696),(#3697,
#3698),(#3699,#3700),(#3701,#3702)),.UNSPECIFIED.,.F.,.F.,.F.,(4,1,4),(2,
2),(0.,0.0379956805401285,0.0731832365688885),(0.,0.2),.UNSPECIFIED.);
#28=B_SPLINE_SURFACE_WITH_KNOTS('',3,1,((#3710,#3711),(#3712,#3713),(#3714,
#3715),(#3716,#3717),(#3718,#3719)),.UNSPECIFIED.,.F.,.F.,.F.,(4,1,4),(2,
2),(0.,0.0578117916387894,0.0973294671703782),(0.,0.2),.UNSPECIFIED.);
#29=STYLED_ITEM('',(#3801),#31);
#30=STYLED_ITEM('',(#3801),#32);
#31=MANIFOLD_SOLID_BREP('K\X\F6rper1',#2200);
#32=MANIFOLD_SOLID_BREP('K\X\F6rper4',#2201);
#33=FACE_BOUND('',#774,.T.);
#34=FACE_BOUND('',#777,.T.);
#35=FACE_BOUND('',#780,.T.);
#36=FACE_BOUND('',#848,.T.);
#37=FACE_BOUND('',#880,.T.);
#38=FACE_BOUND('',#881,.T.);
#39=FACE_BOUND('',#882,.T.);
#40=FACE_BOUND('',#883,.T.);
#41=FACE_BOUND('',#884,.T.);
#42=FACE_BOUND('',#885,.T.);
#43=FACE_BOUND('',#886,.T.);
#44=FACE_BOUND('',#887,.T.);
#45=FACE_BOUND('',#888,.T.);
#46=FACE_BOUND('',#889,.T.);
#47=FACE_BOUND('',#890,.T.);
#48=FACE_BOUND('',#892,.T.);
#49=FACE_BOUND('',#893,.T.);
#50=FACE_BOUND('',#894,.T.);
#51=PLANE('',#2236);
#52=PLANE('',#2238);
#53=PLANE('',#2240);
#54=PLANE('',#2242);
#55=PLANE('',#2243);
#56=PLANE('',#2244);
#57=PLANE('',#2245);
#58=PLANE('',#2246);
#59=PLANE('',#2249);
#60=PLANE('',#2252);
#61=PLANE('',#2255);
#62=PLANE('',#2256);
#63=PLANE('',#2257);
#64=PLANE('',#2258);
#65=PLANE('',#2259);
#66=PLANE('',#2260);
#67=PLANE('',#2261);
#68=PLANE('',#2262);
#69=PLANE('',#2263);
#70=PLANE('',#2264);
#71=PLANE('',#2265);
#72=PLANE('',#2266);
#73=PLANE('',#2267);
#74=PLANE('',#2268);
#75=PLANE('',#2269);
#76=PLANE('',#2270);
#77=PLANE('',#2271);
#78=PLANE('',#2272);
#79=PLANE('',#2273);
#80=PLANE('',#2274);
#81=PLANE('',#2275);
#82=PLANE('',#2276);
#83=PLANE('',#2277);
#84=PLANE('',#2278);
#85=PLANE('',#2279);
#86=PLANE('',#2280);
#87=PLANE('',#2281);
#88=PLANE('',#2282);
#89=PLANE('',#2283);
#90=PLANE('',#2284);
#91=PLANE('',#2285);
#92=PLANE('',#2286);
#93=PLANE('',#2287);
#94=PLANE('',#2288);
#95=PLANE('',#2289);
#96=PLANE('',#2290);
#97=PLANE('',#2291);
#98=PLANE('',#2292);
#99=PLANE('',#2293);
#100=PLANE('',#2294);
#101=PLANE('',#2295);
#102=PLANE('',#2296);
#103=PLANE('',#2297);
#104=PLANE('',#2298);
#105=PLANE('',#2299);
#106=PLANE('',#2300);
#107=PLANE('',#2301);
#108=PLANE('',#2302);
#109=PLANE('',#2303);
#110=PLANE('',#2304);
#111=PLANE('',#2305);
#112=PLANE('',#2306);
#113=PLANE('',#2307);
#114=PLANE('',#2308);
#115=PLANE('',#2309);
#116=PLANE('',#2310);
#117=PLANE('',#2311);
#118=PLANE('',#2312);
#119=PLANE('',#2313);
#120=PLANE('',#2314);
#121=PLANE('',#2315);
#122=PLANE('',#2316);
#123=PLANE('',#2317);
#124=PLANE('',#2318);
#125=PLANE('',#2319);
#126=PLANE('',#2320);
#127=PLANE('',#2321);
#128=PLANE('',#2322);
#129=PLANE('',#2323);
#130=PLANE('',#2324);
#131=PLANE('',#2325);
#132=PLANE('',#2326);
#133=PLANE('',#2327);
#134=PLANE('',#2328);
#135=PLANE('',#2329);
#136=PLANE('',#2339);
#137=PLANE('',#2340);
#138=PLANE('',#2341);
#139=PLANE('',#2342);
#140=PLANE('',#2343);
#141=PLANE('',#2344);
#142=LINE('',#2875,#386);
#143=LINE('',#2899,#387);
#144=LINE('',#2923,#388);
#145=LINE('',#2936,#389);
#146=LINE('',#2938,#390);
#147=LINE('',#2940,#391);
#148=LINE('',#2941,#392);
#149=LINE('',#2944,#393);
#150=LINE('',#2945,#394);
#151=LINE('',#2947,#395);
#152=LINE('',#2948,#396);
#153=LINE('',#2951,#397);
#154=LINE('',#2952,#398);
#155=LINE('',#2954,#399);
#156=LINE('',#2955,#400);
#157=LINE('',#2957,#401);
#158=LINE('',#2958,#402);
#159=LINE('',#2959,#403);
#160=LINE('',#2964,#404);
#161=LINE('',#2969,#405);
#162=LINE('',#2974,#406);
#163=LINE('',#2980,#407);
#164=LINE('',#2982,#408);
#165=LINE('',#2984,#409);
#166=LINE('',#2986,#410);
#167=LINE('',#2988,#411);
#168=LINE('',#2990,#412);
#169=LINE('',#2992,#413);
#170=LINE('',#2994,#414);
#171=LINE('',#2996,#415);
#172=LINE('',#2997,#416);
#173=LINE('',#3001,#417);
#174=LINE('',#3002,#418);
#175=LINE('',#3003,#419);
#176=LINE('',#3006,#420);
#177=LINE('',#3007,#421);
#178=LINE('',#3010,#422);
#179=LINE('',#3011,#423);
#180=LINE('',#3014,#424);
#181=LINE('',#3015,#425);
#182=LINE('',#3018,#426);
#183=LINE('',#3019,#427);
#184=LINE('',#3022,#428);
#185=LINE('',#3023,#429);
#186=LINE('',#3026,#430);
#187=LINE('',#3027,#431);
#188=LINE('',#3030,#432);
#189=LINE('',#3031,#433);
#190=LINE('',#3034,#434);
#191=LINE('',#3035,#435);
#192=LINE('',#3037,#436);
#193=LINE('',#3041,#437);
#194=LINE('',#3043,#438);
#195=LINE('',#3045,#439);
#196=LINE('',#3047,#440);
#197=LINE('',#3049,#441);
#198=LINE('',#3051,#442);
#199=LINE('',#3053,#443);
#200=LINE('',#3055,#444);
#201=LINE('',#3057,#445);
#202=LINE('',#3059,#446);
#203=LINE('',#3061,#447);
#204=LINE('',#3062,#448);
#205=LINE('',#3066,#449);
#206=LINE('',#3067,#450);
#207=LINE('',#3068,#451);
#208=LINE('',#3071,#452);
#209=LINE('',#3072,#453);
#210=LINE('',#3075,#454);
#211=LINE('',#3076,#455);
#212=LINE('',#3079,#456);
#213=LINE('',#3080,#457);
#214=LINE('',#3083,#458);
#215=LINE('',#3084,#459);
#216=LINE('',#3087,#460);
#217=LINE('',#3088,#461);
#218=LINE('',#3091,#462);
#219=LINE('',#3092,#463);
#220=LINE('',#3095,#464);
#221=LINE('',#3096,#465);
#222=LINE('',#3099,#466);
#223=LINE('',#3100,#467);
#224=LINE('',#3103,#468);
#225=LINE('',#3104,#469);
#226=LINE('',#3107,#470);
#227=LINE('',#3108,#471);
#228=LINE('',#3110,#472);
#229=LINE('',#3114,#473);
#230=LINE('',#3116,#474);
#231=LINE('',#3118,#475);
#232=LINE('',#3120,#476);
#233=LINE('',#3122,#477);
#234=LINE('',#3123,#478);
#235=LINE('',#3127,#479);
#236=LINE('',#3128,#480);
#237=LINE('',#3129,#481);
#238=LINE('',#3132,#482);
#239=LINE('',#3133,#483);
#240=LINE('',#3136,#484);
#241=LINE('',#3137,#485);
#242=LINE('',#3140,#486);
#243=LINE('',#3141,#487);
#244=LINE('',#3144,#488);
#245=LINE('',#3145,#489);
#246=LINE('',#3147,#490);
#247=LINE('',#3151,#491);
#248=LINE('',#3153,#492);
#249=LINE('',#3155,#493);
#250=LINE('',#3157,#494);
#251=LINE('',#3159,#495);
#252=LINE('',#3161,#496);
#253=LINE('',#3163,#497);
#254=LINE('',#3165,#498);
#255=LINE('',#3167,#499);
#256=LINE('',#3168,#500);
#257=LINE('',#3172,#501);
#258=LINE('',#3173,#502);
#259=LINE('',#3174,#503);
#260=LINE('',#3177,#504);
#261=LINE('',#3178,#505);
#262=LINE('',#3181,#506);
#263=LINE('',#3182,#507);
#264=LINE('',#3185,#508);
#265=LINE('',#3186,#509);
#266=LINE('',#3189,#510);
#267=LINE('',#3190,#511);
#268=LINE('',#3193,#512);
#269=LINE('',#3194,#513);
#270=LINE('',#3197,#514);
#271=LINE('',#3198,#515);
#272=LINE('',#3201,#516);
#273=LINE('',#3202,#517);
#274=LINE('',#3205,#518);
#275=LINE('',#3206,#519);
#276=LINE('',#3208,#520);
#277=LINE('',#3212,#521);
#278=LINE('',#3214,#522);
#279=LINE('',#3216,#523);
#280=LINE('',#3217,#524);
#281=LINE('',#3221,#525);
#282=LINE('',#3222,#526);
#283=LINE('',#3223,#527);
#284=LINE('',#3226,#528);
#285=LINE('',#3227,#529);
#286=LINE('',#3230,#530);
#287=LINE('',#3231,#531);
#288=LINE('',#3233,#532);
#289=LINE('',#3237,#533);
#290=LINE('',#3239,#534);
#291=LINE('',#3241,#535);
#292=LINE('',#3242,#536);
#293=LINE('',#3246,#537);
#294=LINE('',#3247,#538);
#295=LINE('',#3248,#539);
#296=LINE('',#3251,#540);
#297=LINE('',#3252,#541);
#298=LINE('',#3255,#542);
#299=LINE('',#3256,#543);
#300=LINE('',#3258,#544);
#301=LINE('',#3262,#545);
#302=LINE('',#3264,#546);
#303=LINE('',#3266,#547);
#304=LINE('',#3268,#548);
#305=LINE('',#3270,#549);
#306=LINE('',#3272,#550);
#307=LINE('',#3274,#551);
#308=LINE('',#3276,#552);
#309=LINE('',#3278,#553);
#310=LINE('',#3280,#554);
#311=LINE('',#3282,#555);
#312=LINE('',#3283,#556);
#313=LINE('',#3287,#557);
#314=LINE('',#3288,#558);
#315=LINE('',#3289,#559);
#316=LINE('',#3292,#560);
#317=LINE('',#3293,#561);
#318=LINE('',#3296,#562);
#319=LINE('',#3297,#563);
#320=LINE('',#3300,#564);
#321=LINE('',#3301,#565);
#322=LINE('',#3304,#566);
#323=LINE('',#3305,#567);
#324=LINE('',#3308,#568);
#325=LINE('',#3309,#569);
#326=LINE('',#3312,#570);
#327=LINE('',#3313,#571);
#328=LINE('',#3316,#572);
#329=LINE('',#3317,#573);
#330=LINE('',#3320,#574);
#331=LINE('',#3321,#575);
#332=LINE('',#3324,#576);
#333=LINE('',#3325,#577);
#334=LINE('',#3328,#578);
#335=LINE('',#3329,#579);
#336=LINE('',#3331,#580);
#337=LINE('',#3335,#581);
#338=LINE('',#3385,#582);
#339=LINE('',#3386,#583);
#340=LINE('',#3437,#584);
#341=LINE('',#3439,#585);
#342=LINE('',#3440,#586);
#343=LINE('',#3444,#587);
#344=LINE('',#3445,#588);
#345=LINE('',#3446,#589);
#346=LINE('',#3463,#590);
#347=LINE('',#3480,#591);
#348=LINE('',#3497,#592);
#349=LINE('',#3514,#593);
#350=LINE('',#3531,#594);
#351=LINE('',#3548,#595);
#352=LINE('',#3565,#596);
#353=LINE('',#3582,#597);
#354=LINE('',#3585,#598);
#355=LINE('',#3586,#599);
#356=LINE('',#3588,#600);
#357=LINE('',#3606,#601);
#358=LINE('',#3607,#602);
#359=LINE('',#3624,#603);
#360=LINE('',#3641,#604);
#361=LINE('',#3658,#605);
#362=LINE('',#3675,#606);
#363=LINE('',#3692,#607);
#364=LINE('',#3709,#608);
#365=LINE('',#3726,#609);
#366=LINE('',#3729,#610);
#367=LINE('',#3730,#611);
#368=LINE('',#3733,#612);
#369=LINE('',#3734,#613);
#370=LINE('',#3736,#614);
#371=LINE('',#3742,#615);
#372=LINE('',#3748,#616);
#373=LINE('',#3754,#617);
#374=LINE('',#3759,#618);
#375=LINE('',#3761,#619);
#376=LINE('',#3763,#620);
#377=LINE('',#3764,#621);
#378=LINE('',#3767,#622);
#379=LINE('',#3769,#623);
#380=LINE('',#3770,#624);
#381=LINE('',#3773,#625);
#382=LINE('',#3775,#626);
#383=LINE('',#3776,#627);
#384=LINE('',#3778,#628);
#385=LINE('',#3779,#629);
#386=VECTOR('',#2361,3.99999999999999);
#387=VECTOR('',#2376,4.);
#388=VECTOR('',#2391,4.);
#389=VECTOR('',#2406,10.);
#390=VECTOR('',#2407,10.);
#391=VECTOR('',#2408,10.);
#392=VECTOR('',#2409,10.);
#393=VECTOR('',#2412,10.);
#394=VECTOR('',#2413,10.);
#395=VECTOR('',#2414,10.);
#396=VECTOR('',#2415,10.);
#397=VECTOR('',#2418,10.);
#398=VECTOR('',#2419,10.);
#399=VECTOR('',#2420,10.);
#400=VECTOR('',#2421,10.);
#401=VECTOR('',#2424,10.);
#402=VECTOR('',#2425,10.);
#403=VECTOR('',#2426,10.);
#404=VECTOR('',#2433,1.875);
#405=VECTOR('',#2440,1.875);
#406=VECTOR('',#2447,1.875);
#407=VECTOR('',#2454,10.);
#408=VECTOR('',#2455,10.);
#409=VECTOR('',#2456,10.);
#410=VECTOR('',#2457,10.);
#411=VECTOR('',#2458,10.);
#412=VECTOR('',#2459,10.);
#413=VECTOR('',#2460,10.);
#414=VECTOR('',#2461,10.);
#415=VECTOR('',#2462,10.);
#416=VECTOR('',#2463,10.);
#417=VECTOR('',#2466,10.);
#418=VECTOR('',#2467,10.);
#419=VECTOR('',#2468,10.);
#420=VECTOR('',#2471,10.);
#421=VECTOR('',#2472,10.);
#422=VECTOR('',#2475,10.);
#423=VECTOR('',#2476,10.);
#424=VECTOR('',#2479,10.);
#425=VECTOR('',#2480,10.);
#426=VECTOR('',#2483,10.);
#427=VECTOR('',#2484,10.);
#428=VECTOR('',#2487,10.);
#429=VECTOR('',#2488,10.);
#430=VECTOR('',#2491,10.);
#431=VECTOR('',#2492,10.);
#432=VECTOR('',#2495,10.);
#433=VECTOR('',#2496,10.);
#434=VECTOR('',#2499,10.);
#435=VECTOR('',#2500,10.);
#436=VECTOR('',#2503,10.);
#437=VECTOR('',#2506,10.);
#438=VECTOR('',#2507,10.);
#439=VECTOR('',#2508,10.);
#440=VECTOR('',#2509,10.);
#441=VECTOR('',#2510,10.);
#442=VECTOR('',#2511,10.);
#443=VECTOR('',#2512,10.);
#444=VECTOR('',#2513,10.);
#445=VECTOR('',#2514,10.);
#446=VECTOR('',#2515,10.);
#447=VECTOR('',#2516,10.);
#448=VECTOR('',#2517,10.);
#449=VECTOR('',#2520,10.);
#450=VECTOR('',#2521,10.);
#451=VECTOR('',#2522,10.);
#452=VECTOR('',#2525,10.);
#453=VECTOR('',#2526,10.);
#454=VECTOR('',#2529,10.);
#455=VECTOR('',#2530,10.);
#456=VECTOR('',#2533,10.);
#457=VECTOR('',#2534,10.);
#458=VECTOR('',#2537,10.);
#459=VECTOR('',#2538,10.);
#460=VECTOR('',#2541,10.);
#461=VECTOR('',#2542,10.);
#462=VECTOR('',#2545,10.);
#463=VECTOR('',#2546,10.);
#464=VECTOR('',#2549,10.);
#465=VECTOR('',#2550,10.);
#466=VECTOR('',#2553,10.);
#467=VECTOR('',#2554,10.);
#468=VECTOR('',#2557,10.);
#469=VECTOR('',#2558,10.);
#470=VECTOR('',#2561,10.);
#471=VECTOR('',#2562,10.);
#472=VECTOR('',#2565,10.);
#473=VECTOR('',#2568,10.);
#474=VECTOR('',#2569,10.);
#475=VECTOR('',#2570,10.);
#476=VECTOR('',#2571,10.);
#477=VECTOR('',#2572,10.);
#478=VECTOR('',#2573,10.);
#479=VECTOR('',#2576,10.);
#480=VECTOR('',#2577,10.);
#481=VECTOR('',#2578,10.);
#482=VECTOR('',#2581,10.);
#483=VECTOR('',#2582,10.);
#484=VECTOR('',#2585,10.);
#485=VECTOR('',#2586,10.);
#486=VECTOR('',#2589,10.);
#487=VECTOR('',#2590,10.);
#488=VECTOR('',#2593,10.);
#489=VECTOR('',#2594,10.);
#490=VECTOR('',#2597,10.);
#491=VECTOR('',#2600,10.);
#492=VECTOR('',#2601,10.);
#493=VECTOR('',#2602,10.);
#494=VECTOR('',#2603,10.);
#495=VECTOR('',#2604,10.);
#496=VECTOR('',#2605,10.);
#497=VECTOR('',#2606,10.);
#498=VECTOR('',#2607,10.);
#499=VECTOR('',#2608,10.);
#500=VECTOR('',#2609,10.);
#501=VECTOR('',#2612,10.);
#502=VECTOR('',#2613,10.);
#503=VECTOR('',#2614,10.);
#504=VECTOR('',#2617,10.);
#505=VECTOR('',#2618,10.);
#506=VECTOR('',#2621,10.);
#507=VECTOR('',#2622,10.);
#508=VECTOR('',#2625,10.);
#509=VECTOR('',#2626,10.);
#510=VECTOR('',#2629,10.);
#511=VECTOR('',#2630,10.);
#512=VECTOR('',#2633,10.);
#513=VECTOR('',#2634,10.);
#514=VECTOR('',#2637,10.);
#515=VECTOR('',#2638,10.);
#516=VECTOR('',#2641,10.);
#517=VECTOR('',#2642,10.);
#518=VECTOR('',#2645,10.);
#519=VECTOR('',#2646,10.);
#520=VECTOR('',#2649,10.);
#521=VECTOR('',#2652,10.);
#522=VECTOR('',#2653,10.);
#523=VECTOR('',#2654,10.);
#524=VECTOR('',#2655,10.);
#525=VECTOR('',#2658,10.);
#526=VECTOR('',#2659,10.);
#527=VECTOR('',#2660,10.);
#528=VECTOR('',#2663,10.);
#529=VECTOR('',#2664,10.);
#530=VECTOR('',#2667,10.);
#531=VECTOR('',#2668,10.);
#532=VECTOR('',#2671,10.);
#533=VECTOR('',#2674,10.);
#534=VECTOR('',#2675,10.);
#535=VECTOR('',#2676,10.);
#536=VECTOR('',#2677,10.);
#537=VECTOR('',#2680,10.);
#538=VECTOR('',#2681,10.);
#539=VECTOR('',#2682,10.);
#540=VECTOR('',#2685,10.);
#541=VECTOR('',#2686,10.);
#542=VECTOR('',#2689,10.);
#543=VECTOR('',#2690,10.);
#544=VECTOR('',#2693,10.);
#545=VECTOR('',#2696,10.);
#546=VECTOR('',#2697,10.);
#547=VECTOR('',#2698,10.);
#548=VECTOR('',#2699,10.);
#549=VECTOR('',#2700,10.);
#550=VECTOR('',#2701,10.);
#551=VECTOR('',#2702,10.);
#552=VECTOR('',#2703,10.);
#553=VECTOR('',#2704,10.);
#554=VECTOR('',#2705,10.);
#555=VECTOR('',#2706,10.);
#556=VECTOR('',#2707,10.);
#557=VECTOR('',#2710,10.);
#558=VECTOR('',#2711,10.);
#559=VECTOR('',#2712,10.);
#560=VECTOR('',#2715,10.);
#561=VECTOR('',#2716,10.);
#562=VECTOR('',#2719,10.);
#563=VECTOR('',#2720,10.);
#564=VECTOR('',#2723,10.);
#565=VECTOR('',#2724,10.);
#566=VECTOR('',#2727,10.);
#567=VECTOR('',#2728,10.);
#568=VECTOR('',#2731,10.);
#569=VECTOR('',#2732,10.);
#570=VECTOR('',#2735,10.);
#571=VECTOR('',#2736,10.);
#572=VECTOR('',#2739,10.);
#573=VECTOR('',#2740,10.);
#574=VECTOR('',#2743,10.);
#575=VECTOR('',#2744,10.);
#576=VECTOR('',#2747,10.);
#577=VECTOR('',#2748,10.);
#578=VECTOR('',#2751,10.);
#579=VECTOR('',#2752,10.);
#580=VECTOR('',#2755,10.);
#581=VECTOR('',#2758,10.);
#582=VECTOR('',#2759,10.);
#583=VECTOR('',#2760,10.);
#584=VECTOR('',#2761,10.);
#585=VECTOR('',#2762,10.);
#586=VECTOR('',#2763,10.);
#587=VECTOR('',#2766,10.);
#588=VECTOR('',#2767,10.);
#589=VECTOR('',#2768,10.);
#590=VECTOR('',#2769,10.);
#591=VECTOR('',#2770,10.);
#592=VECTOR('',#2771,10.);
#593=VECTOR('',#2772,10.);
#594=VECTOR('',#2773,10.);
#595=VECTOR('',#2774,10.);
#596=VECTOR('',#2775,10.);
#597=VECTOR('',#2776,10.);
#598=VECTOR('',#2779,10.);
#599=VECTOR('',#2780,10.);
#600=VECTOR('',#2783,10.);
#601=VECTOR('',#2784,10.);
#602=VECTOR('',#2785,10.);
#603=VECTOR('',#2786,10.);
#604=VECTOR('',#2787,10.);
#605=VECTOR('',#2788,10.);
#606=VECTOR('',#2789,10.);
#607=VECTOR('',#2790,10.);
#608=VECTOR('',#2791,10.);
#609=VECTOR('',#2792,10.);
#610=VECTOR('',#2795,10.);
#611=VECTOR('',#2796,10.);
#612=VECTOR('',#2799,10.);
#613=VECTOR('',#2800,10.);
#614=VECTOR('',#2803,10.);
#615=VECTOR('',#2810,1.875);
#616=VECTOR('',#2817,1.875);
#617=VECTOR('',#2824,1.875);
#618=VECTOR('',#2829,10.);
#619=VECTOR('',#2830,10.);
#620=VECTOR('',#2831,10.);
#621=VECTOR('',#2832,10.);
#622=VECTOR('',#2835,10.);
#623=VECTOR('',#2836,10.);
#624=VECTOR('',#2837,10.);
#625=VECTOR('',#2840,10.);
#626=VECTOR('',#2841,10.);
#627=VECTOR('',#2842,10.);
#628=VECTOR('',#2845,10.);
#629=VECTOR('',#2846,10.);
#630=CYLINDRICAL_SURFACE('',#2220,3.99999999999999);
#631=CYLINDRICAL_SURFACE('',#2227,4.);
#632=CYLINDRICAL_SURFACE('',#2234,4.);
#633=CYLINDRICAL_SURFACE('',#2247,1.875);
#634=CYLINDRICAL_SURFACE('',#2250,1.875);
#635=CYLINDRICAL_SURFACE('',#2253,1.875);
#636=CYLINDRICAL_SURFACE('',#2330,1.875);
#637=CYLINDRICAL_SURFACE('',#2333,1.875);
#638=CYLINDRICAL_SURFACE('',#2336,1.875);
#639=FACE_OUTER_BOUND('',#758,.T.);
#640=FACE_OUTER_BOUND('',#759,.T.);
#641=FACE_OUTER_BOUND('',#760,.T.);
#642=FACE_OUTER_BOUND('',#761,.T.);
#643=FACE_OUTER_BOUND('',#762,.T.);
#644=FACE_OUTER_BOUND('',#763,.T.);
#645=FACE_OUTER_BOUND('',#764,.T.);
#646=FACE_OUTER_BOUND('',#765,.T.);
#647=FACE_OUTER_BOUND('',#766,.T.);
#648=FACE_OUTER_BOUND('',#767,.T.);
#649=FACE_OUTER_BOUND('',#768,.T.);
#650=FACE_OUTER_BOUND('',#769,.T.);
#651=FACE_OUTER_BOUND('',#770,.T.);
#652=FACE_OUTER_BOUND('',#771,.T.);
#653=FACE_OUTER_BOUND('',#772,.T.);
#654=FACE_OUTER_BOUND('',#773,.T.);
#655=FACE_OUTER_BOUND('',#775,.T.);
#656=FACE_OUTER_BOUND('',#776,.T.);
#657=FACE_OUTER_BOUND('',#778,.T.);
#658=FACE_OUTER_BOUND('',#779,.T.);
#659=FACE_OUTER_BOUND('',#781,.T.);
#660=FACE_OUTER_BOUND('',#782,.T.);
#661=FACE_OUTER_BOUND('',#783,.T.);
#662=FACE_OUTER_BOUND('',#784,.T.);
#663=FACE_OUTER_BOUND('',#785,.T.);
#664=FACE_OUTER_BOUND('',#786,.T.);
#665=FACE_OUTER_BOUND('',#787,.T.);
#666=FACE_OUTER_BOUND('',#788,.T.);
#667=FACE_OUTER_BOUND('',#789,.T.);
#668=FACE_OUTER_BOUND('',#790,.T.);
#669=FACE_OUTER_BOUND('',#791,.T.);
#670=FACE_OUTER_BOUND('',#792,.T.);
#671=FACE_OUTER_BOUND('',#793,.T.);
#672=FACE_OUTER_BOUND('',#794,.T.);
#673=FACE_OUTER_BOUND('',#795,.T.);
#674=FACE_OUTER_BOUND('',#796,.T.);
#675=FACE_OUTER_BOUND('',#797,.T.);
#676=FACE_OUTER_BOUND('',#798,.T.);
#677=FACE_OUTER_BOUND('',#799,.T.);
#678=FACE_OUTER_BOUND('',#800,.T.);
#679=FACE_OUTER_BOUND('',#801,.T.);
#680=FACE_OUTER_BOUND('',#802,.T.);
#681=FACE_OUTER_BOUND('',#803,.T.);
#682=FACE_OUTER_BOUND('',#804,.T.);
#683=FACE_OUTER_BOUND('',#805,.T.);
#684=FACE_OUTER_BOUND('',#806,.T.);
#685=FACE_OUTER_BOUND('',#807,.T.);
#686=FACE_OUTER_BOUND('',#808,.T.);
#687=FACE_OUTER_BOUND('',#809,.T.);
#688=FACE_OUTER_BOUND('',#810,.T.);
#689=FACE_OUTER_BOUND('',#811,.T.);
#690=FACE_OUTER_BOUND('',#812,.T.);
#691=FACE_OUTER_BOUND('',#813,.T.);
#692=FACE_OUTER_BOUND('',#814,.T.);
#693=FACE_OUTER_BOUND('',#815,.T.);
#694=FACE_OUTER_BOUND('',#816,.T.);
#695=FACE_OUTER_BOUND('',#817,.T.);
#696=FACE_OUTER_BOUND('',#818,.T.);
#697=FACE_OUTER_BOUND('',#819,.T.);
#698=FACE_OUTER_BOUND('',#820,.T.);
#699=FACE_OUTER_BOUND('',#821,.T.);
#700=FACE_OUTER_BOUND('',#822,.T.);
#701=FACE_OUTER_BOUND('',#823,.T.);
#702=FACE_OUTER_BOUND('',#824,.T.);
#703=FACE_OUTER_BOUND('',#825,.T.);
#704=FACE_OUTER_BOUND('',#826,.T.);
#705=FACE_OUTER_BOUND('',#827,.T.);
#706=FACE_OUTER_BOUND('',#828,.T.);
#707=FACE_OUTER_BOUND('',#829,.T.);
#708=FACE_OUTER_BOUND('',#830,.T.);
#709=FACE_OUTER_BOUND('',#831,.T.);
#710=FACE_OUTER_BOUND('',#832,.T.);
#711=FACE_OUTER_BOUND('',#833,.T.);
#712=FACE_OUTER_BOUND('',#834,.T.);
#713=FACE_OUTER_BOUND('',#835,.T.);
#714=FACE_OUTER_BOUND('',#836,.T.);
#715=FACE_OUTER_BOUND('',#837,.T.);
#716=FACE_OUTER_BOUND('',#838,.T.);
#717=FACE_OUTER_BOUND('',#839,.T.);
#718=FACE_OUTER_BOUND('',#840,.T.);
#719=FACE_OUTER_BOUND('',#841,.T.);
#720=FACE_OUTER_BOUND('',#842,.T.);
#721=FACE_OUTER_BOUND('',#843,.T.);
#722=FACE_OUTER_BOUND('',#844,.T.);
#723=FACE_OUTER_BOUND('',#845,.T.);
#724=FACE_OUTER_BOUND('',#846,.T.);
#725=FACE_OUTER_BOUND('',#847,.T.);
#726=FACE_OUTER_BOUND('',#849,.T.);
#727=FACE_OUTER_BOUND('',#850,.T.);
#728=FACE_OUTER_BOUND('',#851,.T.);
#729=FACE_OUTER_BOUND('',#852,.T.);
#730=FACE_OUTER_BOUND('',#853,.T.);
#731=FACE_OUTER_BOUND('',#854,.T.);
#732=FACE_OUTER_BOUND('',#855,.T.);
#733=FACE_OUTER_BOUND('',#856,.T.);
#734=FACE_OUTER_BOUND('',#857,.T.);
#735=FACE_OUTER_BOUND('',#858,.T.);
#736=FACE_OUTER_BOUND('',#859,.T.);
#737=FACE_OUTER_BOUND('',#860,.T.);
#738=FACE_OUTER_BOUND('',#861,.T.);
#739=FACE_OUTER_BOUND('',#862,.T.);
#740=FACE_OUTER_BOUND('',#863,.T.);
#741=FACE_OUTER_BOUND('',#864,.T.);
#742=FACE_OUTER_BOUND('',#865,.T.);
#743=FACE_OUTER_BOUND('',#866,.T.);
#744=FACE_OUTER_BOUND('',#867,.T.);
#745=FACE_OUTER_BOUND('',#868,.T.);
#746=FACE_OUTER_BOUND('',#869,.T.);
#747=FACE_OUTER_BOUND('',#870,.T.);
#748=FACE_OUTER_BOUND('',#871,.T.);
#749=FACE_OUTER_BOUND('',#872,.T.);
#750=FACE_OUTER_BOUND('',#873,.T.);
#751=FACE_OUTER_BOUND('',#874,.T.);
#752=FACE_OUTER_BOUND('',#875,.T.);
#753=FACE_OUTER_BOUND('',#876,.T.);
#754=FACE_OUTER_BOUND('',#877,.T.);
#755=FACE_OUTER_BOUND('',#878,.T.);
#756=FACE_OUTER_BOUND('',#879,.T.);
#757=FACE_OUTER_BOUND('',#891,.T.);
#758=EDGE_LOOP('',(#1466,#1467,#1468,#1469,#1470,#1471));
#759=EDGE_LOOP('',(#1472,#1473,#1474,#1475));
#760=EDGE_LOOP('',(#1476,#1477,#1478,#1479,#1480,#1481));
#761=EDGE_LOOP('',(#1482,#1483,#1484,#1485));
#762=EDGE_LOOP('',(#1486,#1487,#1488,#1489,#1490,#1491));
#763=EDGE_LOOP('',(#1492,#1493,#1494,#1495));
#764=EDGE_LOOP('',(#1496));
#765=EDGE_LOOP('',(#1497));
#766=EDGE_LOOP('',(#1498));
#767=EDGE_LOOP('',(#1499,#1500,#1501,#1502));
#768=EDGE_LOOP('',(#1503,#1504,#1505,#1506,#1507,#1508));
#769=EDGE_LOOP('',(#1509,#1510,#1511,#1512,#1513,#1514));
#770=EDGE_LOOP('',(#1515,#1516,#1517,#1518,#1519,#1520));
#771=EDGE_LOOP('',(#1521,#1522,#1523,#1524,#1525,#1526,#1527,#1528,#1529,
#1530,#1531,#1532,#1533));
#772=EDGE_LOOP('',(#1534,#1535,#1536,#1537));
#773=EDGE_LOOP('',(#1538));
#774=EDGE_LOOP('',(#1539));
#775=EDGE_LOOP('',(#1540,#1541,#1542,#1543));
#776=EDGE_LOOP('',(#1544));
#777=EDGE_LOOP('',(#1545));
#778=EDGE_LOOP('',(#1546,#1547,#1548,#1549));
#779=EDGE_LOOP('',(#1550));
#780=EDGE_LOOP('',(#1551));
#781=EDGE_LOOP('',(#1552,#1553,#1554,#1555));
#782=EDGE_LOOP('',(#1556,#1557,#1558,#1559,#1560,#1561,#1562,#1563,#1564,
#1565));
#783=EDGE_LOOP('',(#1566,#1567,#1568,#1569));
#784=EDGE_LOOP('',(#1570,#1571,#1572,#1573));
#785=EDGE_LOOP('',(#1574,#1575,#1576,#1577));
#786=EDGE_LOOP('',(#1578,#1579,#1580,#1581));
#787=EDGE_LOOP('',(#1582,#1583,#1584,#1585));
#788=EDGE_LOOP('',(#1586,#1587,#1588,#1589));
#789=EDGE_LOOP('',(#1590,#1591,#1592,#1593));
#790=EDGE_LOOP('',(#1594,#1595,#1596,#1597));
#791=EDGE_LOOP('',(#1598,#1599,#1600,#1601));
#792=EDGE_LOOP('',(#1602,#1603,#1604,#1605));
#793=EDGE_LOOP('',(#1606,#1607,#1608,#1609,#1610,#1611,#1612,#1613,#1614,
#1615,#1616,#1617));
#794=EDGE_LOOP('',(#1618,#1619,#1620,#1621));
#795=EDGE_LOOP('',(#1622,#1623,#1624,#1625));
#796=EDGE_LOOP('',(#1626,#1627,#1628,#1629));
#797=EDGE_LOOP('',(#1630,#1631,#1632,#1633));
#798=EDGE_LOOP('',(#1634,#1635,#1636,#1637));
#799=EDGE_LOOP('',(#1638,#1639,#1640,#1641));
#800=EDGE_LOOP('',(#1642,#1643,#1644,#1645));
#801=EDGE_LOOP('',(#1646,#1647,#1648,#1649));
#802=EDGE_LOOP('',(#1650,#1651,#1652,#1653));
#803=EDGE_LOOP('',(#1654,#1655,#1656,#1657));
#804=EDGE_LOOP('',(#1658,#1659,#1660,#1661));
#805=EDGE_LOOP('',(#1662,#1663,#1664,#1665));
#806=EDGE_LOOP('',(#1666,#1667,#1668,#1669,#1670,#1671));
#807=EDGE_LOOP('',(#1672,#1673,#1674,#1675));
#808=EDGE_LOOP('',(#1676,#1677,#1678,#1679));
#809=EDGE_LOOP('',(#1680,#1681,#1682,#1683));
#810=EDGE_LOOP('',(#1684,#1685,#1686,#1687));
#811=EDGE_LOOP('',(#1688,#1689,#1690,#1691));
#812=EDGE_LOOP('',(#1692,#1693,#1694,#1695));
#813=EDGE_LOOP('',(#1696,#1697,#1698,#1699,#1700,#1701,#1702,#1703,#1704,
#1705));
#814=EDGE_LOOP('',(#1706,#1707,#1708,#1709));
#815=EDGE_LOOP('',(#1710,#1711,#1712,#1713));
#816=EDGE_LOOP('',(#1714,#1715,#1716,#1717));
#817=EDGE_LOOP('',(#1718,#1719,#1720,#1721));
#818=EDGE_LOOP('',(#1722,#1723,#1724,#1725));
#819=EDGE_LOOP('',(#1726,#1727,#1728,#1729));
#820=EDGE_LOOP('',(#1730,#1731,#1732,#1733));
#821=EDGE_LOOP('',(#1734,#1735,#1736,#1737));
#822=EDGE_LOOP('',(#1738,#1739,#1740,#1741));
#823=EDGE_LOOP('',(#1742,#1743,#1744,#1745));
#824=EDGE_LOOP('',(#1746,#1747,#1748,#1749));
#825=EDGE_LOOP('',(#1750,#1751,#1752,#1753));
#826=EDGE_LOOP('',(#1754,#1755,#1756,#1757));
#827=EDGE_LOOP('',(#1758,#1759,#1760,#1761));
#828=EDGE_LOOP('',(#1762,#1763,#1764,#1765));
#829=EDGE_LOOP('',(#1766,#1767,#1768,#1769));
#830=EDGE_LOOP('',(#1770,#1771,#1772,#1773));
#831=EDGE_LOOP('',(#1774,#1775,#1776,#1777));
#832=EDGE_LOOP('',(#1778,#1779,#1780,#1781));
#833=EDGE_LOOP('',(#1782,#1783,#1784,#1785));
#834=EDGE_LOOP('',(#1786,#1787,#1788,#1789,#1790,#1791,#1792,#1793,#1794,
#1795,#1796,#1797));
#835=EDGE_LOOP('',(#1798,#1799,#1800,#1801));
#836=EDGE_LOOP('',(#1802,#1803,#1804,#1805));
#837=EDGE_LOOP('',(#1806,#1807,#1808,#1809));
#838=EDGE_LOOP('',(#1810,#1811,#1812,#1813));
#839=EDGE_LOOP('',(#1814,#1815,#1816,#1817));
#840=EDGE_LOOP('',(#1818,#1819,#1820,#1821));
#841=EDGE_LOOP('',(#1822,#1823,#1824,#1825));
#842=EDGE_LOOP('',(#1826,#1827,#1828,#1829));
#843=EDGE_LOOP('',(#1830,#1831,#1832,#1833));
#844=EDGE_LOOP('',(#1834,#1835,#1836,#1837));
#845=EDGE_LOOP('',(#1838,#1839,#1840,#1841));
#846=EDGE_LOOP('',(#1842,#1843,#1844,#1845));
#847=EDGE_LOOP('',(#1846,#1847,#1848,#1849,#1850,#1851,#1852,#1853,#1854,
#1855,#1856));
#848=EDGE_LOOP('',(#1857,#1858,#1859,#1860,#1861,#1862,#1863,#1864,#1865,
#1866,#1867));
#849=EDGE_LOOP('',(#1868,#1869,#1870,#1871));
#850=EDGE_LOOP('',(#1872,#1873,#1874,#1875));
#851=EDGE_LOOP('',(#1876,#1877,#1878,#1879));
#852=EDGE_LOOP('',(#1880,#1881,#1882,#1883));
#853=EDGE_LOOP('',(#1884,#1885,#1886,#1887));
#854=EDGE_LOOP('',(#1888,#1889,#1890,#1891));
#855=EDGE_LOOP('',(#1892,#1893,#1894,#1895));
#856=EDGE_LOOP('',(#1896,#1897,#1898,#1899));
#857=EDGE_LOOP('',(#1900,#1901,#1902,#1903));
#858=EDGE_LOOP('',(#1904,#1905,#1906,#1907));
#859=EDGE_LOOP('',(#1908,#1909,#1910,#1911));
#860=EDGE_LOOP('',(#1912,#1913,#1914,#1915));
#861=EDGE_LOOP('',(#1916,#1917,#1918,#1919));
#862=EDGE_LOOP('',(#1920,#1921,#1922,#1923));
#863=EDGE_LOOP('',(#1924,#1925,#1926,#1927));
#864=EDGE_LOOP('',(#1928,#1929,#1930,#1931));
#865=EDGE_LOOP('',(#1932,#1933,#1934,#1935));
#866=EDGE_LOOP('',(#1936,#1937,#1938,#1939));
#867=EDGE_LOOP('',(#1940,#1941,#1942,#1943));
#868=EDGE_LOOP('',(#1944,#1945,#1946,#1947));
#869=EDGE_LOOP('',(#1948,#1949,#1950,#1951));
#870=EDGE_LOOP('',(#1952,#1953,#1954,#1955));
#871=EDGE_LOOP('',(#1956,#1957,#1958,#1959,#1960,#1961,#1962,#1963,#1964,
#1965,#1966));
#872=EDGE_LOOP('',(#1967,#1968,#1969,#1970));
#873=EDGE_LOOP('',(#1971,#1972,#1973,#1974));
#874=EDGE_LOOP('',(#1975,#1976,#1977,#1978));
#875=EDGE_LOOP('',(#1979,#1980,#1981,#1982));
#876=EDGE_LOOP('',(#1983,#1984,#1985,#1986));
#877=EDGE_LOOP('',(#1987,#1988,#1989,#1990));
#878=EDGE_LOOP('',(#1991,#1992,#1993,#1994));
#879=EDGE_LOOP('',(#1995,#1996,#1997,#1998));
#880=EDGE_LOOP('',(#1999,#2000,#2001,#2002,#2003,#2004,#2005,#2006,#2007,
#2008,#2009,#2010));
#881=EDGE_LOOP('',(#2011,#2012,#2013,#2014,#2015,#2016,#2017,#2018,#2019,
#2020));
#882=EDGE_LOOP('',(#2021,#2022,#2023,#2024));
#883=EDGE_LOOP('',(#2025,#2026,#2027,#2028));
#884=EDGE_LOOP('',(#2029,#2030,#2031,#2032,#2033,#2034,#2035,#2036,#2037,
#2038,#2039,#2040));
#885=EDGE_LOOP('',(#2041,#2042,#2043,#2044,#2045,#2046,#2047,#2048,#2049,
#2050,#2051));
#886=EDGE_LOOP('',(#2052));
#887=EDGE_LOOP('',(#2053));
#888=EDGE_LOOP('',(#2054));
#889=EDGE_LOOP('',(#2055,#2056,#2057,#2058,#2059,#2060));
#890=EDGE_LOOP('',(#2061,#2062,#2063,#2064,#2065,#2066,#2067,#2068,#2069,
#2070));
#891=EDGE_LOOP('',(#2071,#2072,#2073,#2074));
#892=EDGE_LOOP('',(#2075));
#893=EDGE_LOOP('',(#2076));
#894=EDGE_LOOP('',(#2077));
#895=CIRCLE('',#2216,5.99999999999999);
#896=CIRCLE('',#2217,2.);
#897=CIRCLE('',#2218,3.99999999999999);
#898=CIRCLE('',#2219,5.99999999999999);
#899=CIRCLE('',#2221,3.99999999999999);
#900=CIRCLE('',#2223,6.);
#901=CIRCLE('',#2224,2.);
#902=CIRCLE('',#2225,4.);
#903=CIRCLE('',#2226,6.);
#904=CIRCLE('',#2228,4.);
#905=CIRCLE('',#2230,6.);
#906=CIRCLE('',#2231,2.);
#907=CIRCLE('',#2232,4.);
#908=CIRCLE('',#2233,6.);
#909=CIRCLE('',#2235,4.);
#910=CIRCLE('',#2237,1.875);
#911=CIRCLE('',#2239,1.875);
#912=CIRCLE('',#2241,1.875);
#913=CIRCLE('',#2248,1.875);
#914=CIRCLE('',#2251,1.875);
#915=CIRCLE('',#2254,1.875);
#916=CIRCLE('',#2331,1.875);
#917=CIRCLE('',#2332,1.875);
#918=CIRCLE('',#2334,1.875);
#919=CIRCLE('',#2335,1.875);
#920=CIRCLE('',#2337,1.875);
#921=CIRCLE('',#2338,1.875);
#922=B_SPLINE_CURVE_WITH_KNOTS('',3,(#2855,#2856,#2857,#2858,#2859,#2860,
#2861,#2862,#2863,#2864,#2865),.UNSPECIFIED.,.F.,.F.,(4,2,3,2,4),(2.53398999409628,
2.66763511646184,2.91448970496039,3.16134429345894,3.2949894158245),
 .UNSPECIFIED.);
#923=B_SPLINE_CURVE_WITH_KNOTS('',3,(#2879,#2880,#2881,#2882,#2883,#2884,
#2885,#2886,#2887,#2888,#2889),.UNSPECIFIED.,.F.,.F.,(4,2,3,2,4),(2.53399039986542,
2.6676356481177,2.91449032857262,3.16134500902754,3.29499025727981),
 .UNSPECIFIED.);
#924=B_SPLINE_CURVE_WITH_KNOTS('',3,(#2903,#2904,#2905,#2906,#2907,#2908,
#2909,#2910,#2911,#2912,#2913),.UNSPECIFIED.,.F.,.F.,(4,2,3,2,4),(2.5340551519561,
2.66770038018093,2.91455504600643,3.16140971183194,3.29505494005677),
 .UNSPECIFIED.);
#925=B_SPLINE_CURVE_WITH_KNOTS('',3,(#3337,#3338,#3339,#3340,#3341),
 .UNSPECIFIED.,.F.,.F.,(4,1,4),(0.,0.0632402904930289,0.143188210884031),
 .UNSPECIFIED.);
#926=B_SPLINE_CURVE_WITH_KNOTS('',3,(#3343,#3344,#3345,#3346,#3347),
 .UNSPECIFIED.,.F.,.F.,(4,1,4),(0.,0.0608679230157897,0.130039316384487),
 .UNSPECIFIED.);
#927=B_SPLINE_CURVE_WITH_KNOTS('',3,(#3349,#3350,#3351,#3352,#3353),
 .UNSPECIFIED.,.F.,.F.,(4,1,4),(0.,0.086278369099007,0.165085454389587),
 .UNSPECIFIED.);
#928=B_SPLINE_CURVE_WITH_KNOTS('',3,(#3355,#3356,#3357,#3358,#3359),
 .UNSPECIFIED.,.F.,.F.,(4,1,4),(0.,0.0914073312179742,0.171199173980482),
 .UNSPECIFIED.);
#929=B_SPLINE_CURVE_WITH_KNOTS('',3,(#3361,#3362,#3363,#3364,#3365),
 .UNSPECIFIED.,.F.,.F.,(4,1,4),(0.,0.087119178111448,0.189963107823856),
 .UNSPECIFIED.);
#930=B_SPLINE_CURVE_WITH_KNOTS('',3,(#3367,#3368,#3369,#3370,#3371),
 .UNSPECIFIED.,.F.,.F.,(4,1,4),(0.,0.0730175608169471,0.150105977628291),
 .UNSPECIFIED.);
#931=B_SPLINE_CURVE_WITH_KNOTS('',3,(#3373,#3374,#3375,#3376,#3377),
 .UNSPECIFIED.,.F.,.F.,(4,1,4),(0.,0.0708273881636887,0.141435193438563),
 .UNSPECIFIED.);
#932=B_SPLINE_CURVE_WITH_KNOTS('',3,(#3379,#3380,#3381,#3382,#3383),
 .UNSPECIFIED.,.F.,.F.,(4,1,4),(0.,0.087362476262519,0.152102650957838),
 .UNSPECIFIED.);
#933=B_SPLINE_CURVE_WITH_KNOTS('',3,(#3389,#3390,#3391,#3392,#3393),
 .UNSPECIFIED.,.F.,.F.,(4,1,4),(0.,0.0499857920998485,0.131875165373642),
 .UNSPECIFIED.);
#934=B_SPLINE_CURVE_WITH_KNOTS('',3,(#3395,#3396,#3397,#3398,#3399),
 .UNSPECIFIED.,.F.,.F.,(4,1,4),(0.,0.0404296992375872,0.0838230685318321),
 .UNSPECIFIED.);
#935=B_SPLINE_CURVE_WITH_KNOTS('',3,(#3401,#3402,#3403,#3404,#3405),
 .UNSPECIFIED.,.F.,.F.,(4,1,4),(0.,0.0479782620236392,0.0899921419161698),
 .UNSPECIFIED.);
#936=B_SPLINE_CURVE_WITH_KNOTS('',3,(#3407,#3408,#3409,#3410,#3411),
 .UNSPECIFIED.,.F.,.F.,(4,1,4),(0.,0.0814273842946962,0.142597812546139),
 .UNSPECIFIED.);
#937=B_SPLINE_CURVE_WITH_KNOTS('',3,(#3413,#3414,#3415,#3416,#3417),
 .UNSPECIFIED.,.F.,.F.,(4,1,4),(0.,0.064157062429995,0.146598148028174),
 .UNSPECIFIED.);
#938=B_SPLINE_CURVE_WITH_KNOTS('',3,(#3419,#3420,#3421,#3422,#3423),
 .UNSPECIFIED.,.F.,.F.,(4,1,4),(0.,0.0386339762025054,0.0880736981920503),
 .UNSPECIFIED.);
#939=B_SPLINE_CURVE_WITH_KNOTS('',3,(#3425,#3426,#3427,#3428,#3429),
 .UNSPECIFIED.,.F.,.F.,(4,1,4),(0.,0.0379956805401285,0.0731832365688885),
 .UNSPECIFIED.);
#940=B_SPLINE_CURVE_WITH_KNOTS('',3,(#3431,#3432,#3433,#3434,#3435),
 .UNSPECIFIED.,.F.,.F.,(4,1,4),(0.,0.0578117916387894,0.0973294671703782),
 .UNSPECIFIED.);
#941=B_SPLINE_CURVE_WITH_KNOTS('',3,(#3458,#3459,#3460,#3461,#3462),
 .UNSPECIFIED.,.F.,.F.,(4,1,4),(0.,0.0632402904930289,0.143188210884031),
 .UNSPECIFIED.);
#942=B_SPLINE_CURVE_WITH_KNOTS('',3,(#3475,#3476,#3477,#3478,#3479),
 .UNSPECIFIED.,.F.,.F.,(4,1,4),(0.,0.0608679230157897,0.130039316384487),
 .UNSPECIFIED.);
#943=B_SPLINE_CURVE_WITH_KNOTS('',3,(#3492,#3493,#3494,#3495,#3496),
 .UNSPECIFIED.,.F.,.F.,(4,1,4),(0.,0.086278369099007,0.165085454389587),
 .UNSPECIFIED.);
#944=B_SPLINE_CURVE_WITH_KNOTS('',3,(#3509,#3510,#3511,#3512,#3513),
 .UNSPECIFIED.,.F.,.F.,(4,1,4),(0.,0.0914073312179742,0.171199173980482),
 .UNSPECIFIED.);
#945=B_SPLINE_CURVE_WITH_KNOTS('',3,(#3526,#3527,#3528,#3529,#3530),
 .UNSPECIFIED.,.F.,.F.,(4,1,4),(0.,0.087119178111448,0.189963107823856),
 .UNSPECIFIED.);
#946=B_SPLINE_CURVE_WITH_KNOTS('',3,(#3543,#3544,#3545,#3546,#3547),
 .UNSPECIFIED.,.F.,.F.,(4,1,4),(0.,0.0730175608169471,0.150105977628291),
 .UNSPECIFIED.);
#947=B_SPLINE_CURVE_WITH_KNOTS('',3,(#3560,#3561,#3562,#3563,#3564),
 .UNSPECIFIED.,.F.,.F.,(4,1,4),(0.,0.0708273881636887,0.141435193438563),
 .UNSPECIFIED.);
#948=B_SPLINE_CURVE_WITH_KNOTS('',3,(#3577,#3578,#3579,#3580,#3581),
 .UNSPECIFIED.,.F.,.F.,(4,1,4),(0.,0.087362476262519,0.152102650957838),
 .UNSPECIFIED.);
#949=B_SPLINE_CURVE_WITH_KNOTS('',3,(#3601,#3602,#3603,#3604,#3605),
 .UNSPECIFIED.,.F.,.F.,(4,1,4),(0.,0.0499857920998485,0.131875165373642),
 .UNSPECIFIED.);
#950=B_SPLINE_CURVE_WITH_KNOTS('',3,(#3619,#3620,#3621,#3622,#3623),
 .UNSPECIFIED.,.F.,.F.,(4,1,4),(0.,0.0404296992375872,0.0838230685318321),
 .UNSPECIFIED.);
#951=B_SPLINE_CURVE_WITH_KNOTS('',3,(#3636,#3637,#3638,#3639,#3640),
 .UNSPECIFIED.,.F.,.F.,(4,1,4),(0.,0.0479782620236392,0.0899921419161698),
 .UNSPECIFIED.);
#952=B_SPLINE_CURVE_WITH_KNOTS('',3,(#3653,#3654,#3655,#3656,#3657),
 .UNSPECIFIED.,.F.,.F.,(4,1,4),(0.,0.0814273842946962,0.142597812546139),
 .UNSPECIFIED.);
#953=B_SPLINE_CURVE_WITH_KNOTS('',3,(#3670,#3671,#3672,#3673,#3674),
 .UNSPECIFIED.,.F.,.F.,(4,1,4),(0.,0.064157062429995,0.146598148028174),
 .UNSPECIFIED.);
#954=B_SPLINE_CURVE_WITH_KNOTS('',3,(#3687,#3688,#3689,#3690,#3691),
 .UNSPECIFIED.,.F.,.F.,(4,1,4),(0.,0.0386339762025054,0.0880736981920503),
 .UNSPECIFIED.);
#955=B_SPLINE_CURVE_WITH_KNOTS('',3,(#3704,#3705,#3706,#3707,#3708),
 .UNSPECIFIED.,.F.,.F.,(4,1,4),(0.,0.0379956805401285,0.0731832365688885),
 .UNSPECIFIED.);
#956=B_SPLINE_CURVE_WITH_KNOTS('',3,(#3721,#3722,#3723,#3724,#3725),
 .UNSPECIFIED.,.F.,.F.,(4,1,4),(0.,0.0578117916387894,0.0973294671703782),
 .UNSPECIFIED.);
#957=VERTEX_POINT('',#2853);
#958=VERTEX_POINT('',#2854);
#959=VERTEX_POINT('',#2866);
#960=VERTEX_POINT('',#2868);
#961=VERTEX_POINT('',#2873);
#962=VERTEX_POINT('',#2877);
#963=VERTEX_POINT('',#2878);
#964=VERTEX_POINT('',#2890);
#965=VERTEX_POINT('',#2892);
#966=VERTEX_POINT('',#2897);
#967=VERTEX_POINT('',#2901);
#968=VERTEX_POINT('',#2902);
#969=VERTEX_POINT('',#2914);
#970=VERTEX_POINT('',#2916);
#971=VERTEX_POINT('',#2921);
#972=VERTEX_POINT('',#2925);
#973=VERTEX_POINT('',#2928);
#974=VERTEX_POINT('',#2931);
#975=VERTEX_POINT('',#2934);
#976=VERTEX_POINT('',#2935);
#977=VERTEX_POINT('',#2937);
#978=VERTEX_POINT('',#2939);
#979=VERTEX_POINT('',#2943);
#980=VERTEX_POINT('',#2946);
#981=VERTEX_POINT('',#2950);
#982=VERTEX_POINT('',#2953);
#983=VERTEX_POINT('',#2962);
#984=VERTEX_POINT('',#2967);
#985=VERTEX_POINT('',#2972);
#986=VERTEX_POINT('',#2978);
#987=VERTEX_POINT('',#2979);
#988=VERTEX_POINT('',#2981);
#989=VERTEX_POINT('',#2983);
#990=VERTEX_POINT('',#2985);
#991=VERTEX_POINT('',#2987);
#992=VERTEX_POINT('',#2989);
#993=VERTEX_POINT('',#2991);
#994=VERTEX_POINT('',#2993);
#995=VERTEX_POINT('',#2995);
#996=VERTEX_POINT('',#2999);
#997=VERTEX_POINT('',#3000);
#998=VERTEX_POINT('',#3005);
#999=VERTEX_POINT('',#3009);
#1000=VERTEX_POINT('',#3013);
#1001=VERTEX_POINT('',#3017);
#1002=VERTEX_POINT('',#3021);
#1003=VERTEX_POINT('',#3025);
#1004=VERTEX_POINT('',#3029);
#1005=VERTEX_POINT('',#3033);
#1006=VERTEX_POINT('',#3039);
#1007=VERTEX_POINT('',#3040);
#1008=VERTEX_POINT('',#3042);
#1009=VERTEX_POINT('',#3044);
#1010=VERTEX_POINT('',#3046);
#1011=VERTEX_POINT('',#3048);
#1012=VERTEX_POINT('',#3050);
#1013=VERTEX_POINT('',#3052);
#1014=VERTEX_POINT('',#3054);
#1015=VERTEX_POINT('',#3056);
#1016=VERTEX_POINT('',#3058);
#1017=VERTEX_POINT('',#3060);
#1018=VERTEX_POINT('',#3064);
#1019=VERTEX_POINT('',#3065);
#1020=VERTEX_POINT('',#3070);
#1021=VERTEX_POINT('',#3074);
#1022=VERTEX_POINT('',#3078);
#1023=VERTEX_POINT('',#3082);
#1024=VERTEX_POINT('',#3086);
#1025=VERTEX_POINT('',#3090);
#1026=VERTEX_POINT('',#3094);
#1027=VERTEX_POINT('',#3098);
#1028=VERTEX_POINT('',#3102);
#1029=VERTEX_POINT('',#3106);
#1030=VERTEX_POINT('',#3112);
#1031=VERTEX_POINT('',#3113);
#1032=VERTEX_POINT('',#3115);
#1033=VERTEX_POINT('',#3117);
#1034=VERTEX_POINT('',#3119);
#1035=VERTEX_POINT('',#3121);
#1036=VERTEX_POINT('',#3125);
#1037=VERTEX_POINT('',#3126);
#1038=VERTEX_POINT('',#3131);
#1039=VERTEX_POINT('',#3135);
#1040=VERTEX_POINT('',#3139);
#1041=VERTEX_POINT('',#3143);
#1042=VERTEX_POINT('',#3149);
#1043=VERTEX_POINT('',#3150);
#1044=VERTEX_POINT('',#3152);
#1045=VERTEX_POINT('',#3154);
#1046=VERTEX_POINT('',#3156);
#1047=VERTEX_POINT('',#3158);
#1048=VERTEX_POINT('',#3160);
#1049=VERTEX_POINT('',#3162);
#1050=VERTEX_POINT('',#3164);
#1051=VERTEX_POINT('',#3166);
#1052=VERTEX_POINT('',#3170);
#1053=VERTEX_POINT('',#3171);
#1054=VERTEX_POINT('',#3176);
#1055=VERTEX_POINT('',#3180);
#1056=VERTEX_POINT('',#3184);
#1057=VERTEX_POINT('',#3188);
#1058=VERTEX_POINT('',#3192);
#1059=VERTEX_POINT('',#3196);
#1060=VERTEX_POINT('',#3200);
#1061=VERTEX_POINT('',#3204);
#1062=VERTEX_POINT('',#3210);
#1063=VERTEX_POINT('',#3211);
#1064=VERTEX_POINT('',#3213);
#1065=VERTEX_POINT('',#3215);
#1066=VERTEX_POINT('',#3219);
#1067=VERTEX_POINT('',#3220);
#1068=VERTEX_POINT('',#3225);
#1069=VERTEX_POINT('',#3229);
#1070=VERTEX_POINT('',#3235);
#1071=VERTEX_POINT('',#3236);
#1072=VERTEX_POINT('',#3238);
#1073=VERTEX_POINT('',#3240);
#1074=VERTEX_POINT('',#3244);
#1075=VERTEX_POINT('',#3245);
#1076=VERTEX_POINT('',#3250);
#1077=VERTEX_POINT('',#3254);
#1078=VERTEX_POINT('',#3260);
#1079=VERTEX_POINT('',#3261);
#1080=VERTEX_POINT('',#3263);
#1081=VERTEX_POINT('',#3265);
#1082=VERTEX_POINT('',#3267);
#1083=VERTEX_POINT('',#3269);
#1084=VERTEX_POINT('',#3271);
#1085=VERTEX_POINT('',#3273);
#1086=VERTEX_POINT('',#3275);
#1087=VERTEX_POINT('',#3277);
#1088=VERTEX_POINT('',#3279);
#1089=VERTEX_POINT('',#3281);
#1090=VERTEX_POINT('',#3285);
#1091=VERTEX_POINT('',#3286);
#1092=VERTEX_POINT('',#3291);
#1093=VERTEX_POINT('',#3295);
#1094=VERTEX_POINT('',#3299);
#1095=VERTEX_POINT('',#3303);
#1096=VERTEX_POINT('',#3307);
#1097=VERTEX_POINT('',#3311);
#1098=VERTEX_POINT('',#3315);
#1099=VERTEX_POINT('',#3319);
#1100=VERTEX_POINT('',#3323);
#1101=VERTEX_POINT('',#3327);
#1102=VERTEX_POINT('',#3333);
#1103=VERTEX_POINT('',#3334);
#1104=VERTEX_POINT('',#3336);
#1105=VERTEX_POINT('',#3342);
#1106=VERTEX_POINT('',#3348);
#1107=VERTEX_POINT('',#3354);
#1108=VERTEX_POINT('',#3360);
#1109=VERTEX_POINT('',#3366);
#1110=VERTEX_POINT('',#3372);
#1111=VERTEX_POINT('',#3378);
#1112=VERTEX_POINT('',#3384);
#1113=VERTEX_POINT('',#3387);
#1114=VERTEX_POINT('',#3388);
#1115=VERTEX_POINT('',#3394);
#1116=VERTEX_POINT('',#3400);
#1117=VERTEX_POINT('',#3406);
#1118=VERTEX_POINT('',#3412);
#1119=VERTEX_POINT('',#3418);
#1120=VERTEX_POINT('',#3424);
#1121=VERTEX_POINT('',#3430);
#1122=VERTEX_POINT('',#3436);
#1123=VERTEX_POINT('',#3438);
#1124=VERTEX_POINT('',#3442);
#1125=VERTEX_POINT('',#3443);
#1126=VERTEX_POINT('',#3457);
#1127=VERTEX_POINT('',#3474);
#1128=VERTEX_POINT('',#3491);
#1129=VERTEX_POINT('',#3508);
#1130=VERTEX_POINT('',#3525);
#1131=VERTEX_POINT('',#3542);
#1132=VERTEX_POINT('',#3559);
#1133=VERTEX_POINT('',#3576);
#1134=VERTEX_POINT('',#3584);
#1135=VERTEX_POINT('',#3599);
#1136=VERTEX_POINT('',#3600);
#1137=VERTEX_POINT('',#3618);
#1138=VERTEX_POINT('',#3635);
#1139=VERTEX_POINT('',#3652);
#1140=VERTEX_POINT('',#3669);
#1141=VERTEX_POINT('',#3686);
#1142=VERTEX_POINT('',#3703);
#1143=VERTEX_POINT('',#3720);
#1144=VERTEX_POINT('',#3728);
#1145=VERTEX_POINT('',#3732);
#1146=VERTEX_POINT('',#3739);
#1147=VERTEX_POINT('',#3741);
#1148=VERTEX_POINT('',#3745);
#1149=VERTEX_POINT('',#3747);
#1150=VERTEX_POINT('',#3751);
#1151=VERTEX_POINT('',#3753);
#1152=VERTEX_POINT('',#3757);
#1153=VERTEX_POINT('',#3758);
#1154=VERTEX_POINT('',#3760);
#1155=VERTEX_POINT('',#3762);
#1156=VERTEX_POINT('',#3766);
#1157=VERTEX_POINT('',#3768);
#1158=VERTEX_POINT('',#3772);
#1159=VERTEX_POINT('',#3774);
#1160=EDGE_CURVE('',#957,#958,#922,.F.);
#1161=EDGE_CURVE('',#957,#959,#895,.T.);
#1162=EDGE_CURVE('',#959,#960,#896,.T.);
#1163=EDGE_CURVE('',#960,#960,#897,.T.);
#1164=EDGE_CURVE('',#959,#958,#898,.T.);
#1165=EDGE_CURVE('',#961,#961,#899,.T.);
#1166=EDGE_CURVE('',#961,#960,#142,.T.);
#1167=EDGE_CURVE('',#962,#963,#923,.F.);
#1168=EDGE_CURVE('',#962,#964,#900,.T.);
#1169=EDGE_CURVE('',#964,#965,#901,.T.);
#1170=EDGE_CURVE('',#965,#965,#902,.T.);
#1171=EDGE_CURVE('',#964,#963,#903,.T.);
#1172=EDGE_CURVE('',#966,#966,#904,.T.);
#1173=EDGE_CURVE('',#966,#965,#143,.T.);
#1174=EDGE_CURVE('',#967,#968,#924,.F.);
#1175=EDGE_CURVE('',#967,#969,#905,.T.);
#1176=EDGE_CURVE('',#969,#970,#906,.T.);
#1177=EDGE_CURVE('',#970,#970,#907,.T.);
#1178=EDGE_CURVE('',#969,#968,#908,.T.);
#1179=EDGE_CURVE('',#971,#971,#909,.T.);
#1180=EDGE_CURVE('',#971,#970,#144,.T.);
#1181=EDGE_CURVE('',#972,#972,#910,.T.);
#1182=EDGE_CURVE('',#973,#973,#911,.T.);
#1183=EDGE_CURVE('',#974,#974,#912,.T.);
#1184=EDGE_CURVE('',#975,#976,#145,.T.);
#1185=EDGE_CURVE('',#975,#977,#146,.T.);
#1186=EDGE_CURVE('',#978,#977,#147,.T.);
#1187=EDGE_CURVE('',#976,#978,#148,.T.);
#1188=EDGE_CURVE('',#976,#979,#149,.T.);
#1189=EDGE_CURVE('',#967,#978,#150,.T.);
#1190=EDGE_CURVE('',#980,#968,#151,.T.);
#1191=EDGE_CURVE('',#979,#980,#152,.T.);
#1192=EDGE_CURVE('',#979,#981,#153,.T.);
#1193=EDGE_CURVE('',#957,#980,#154,.T.);
#1194=EDGE_CURVE('',#982,#958,#155,.T.);
#1195=EDGE_CURVE('',#981,#982,#156,.T.);
#1196=EDGE_CURVE('',#981,#975,#157,.T.);
#1197=EDGE_CURVE('',#962,#982,#158,.T.);
#1198=EDGE_CURVE('',#977,#963,#159,.T.);
#1199=EDGE_CURVE('',#983,#983,#913,.T.);
#1200=EDGE_CURVE('',#983,#972,#160,.T.);
#1201=EDGE_CURVE('',#984,#984,#914,.T.);
#1202=EDGE_CURVE('',#984,#973,#161,.T.);
#1203=EDGE_CURVE('',#985,#985,#915,.T.);
#1204=EDGE_CURVE('',#985,#974,#162,.T.);
#1205=EDGE_CURVE('',#986,#987,#163,.T.);
#1206=EDGE_CURVE('',#988,#986,#164,.T.);
#1207=EDGE_CURVE('',#989,#988,#165,.T.);
#1208=EDGE_CURVE('',#990,#989,#166,.T.);
#1209=EDGE_CURVE('',#991,#990,#167,.T.);
#1210=EDGE_CURVE('',#992,#991,#168,.T.);
#1211=EDGE_CURVE('',#993,#992,#169,.T.);
#1212=EDGE_CURVE('',#994,#993,#170,.T.);
#1213=EDGE_CURVE('',#995,#994,#171,.T.);
#1214=EDGE_CURVE('',#987,#995,#172,.T.);
#1215=EDGE_CURVE('',#996,#997,#173,.T.);
#1216=EDGE_CURVE('',#996,#986,#174,.T.);
#1217=EDGE_CURVE('',#997,#987,#175,.T.);
#1218=EDGE_CURVE('',#998,#996,#176,.T.);
#1219=EDGE_CURVE('',#998,#988,#177,.T.);
#1220=EDGE_CURVE('',#999,#998,#178,.T.);
#1221=EDGE_CURVE('',#999,#989,#179,.T.);
#1222=EDGE_CURVE('',#1000,#999,#180,.T.);
#1223=EDGE_CURVE('',#1000,#990,#181,.T.);
#1224=EDGE_CURVE('',#1001,#1000,#182,.T.);
#1225=EDGE_CURVE('',#1001,#991,#183,.T.);
#1226=EDGE_CURVE('',#1002,#1001,#184,.T.);
#1227=EDGE_CURVE('',#1002,#992,#185,.T.);
#1228=EDGE_CURVE('',#1003,#1002,#186,.T.);
#1229=EDGE_CURVE('',#1003,#993,#187,.T.);
#1230=EDGE_CURVE('',#1004,#1003,#188,.T.);
#1231=EDGE_CURVE('',#1004,#994,#189,.T.);
#1232=EDGE_CURVE('',#1005,#1004,#190,.T.);
#1233=EDGE_CURVE('',#1005,#995,#191,.T.);
#1234=EDGE_CURVE('',#997,#1005,#192,.T.);
#1235=EDGE_CURVE('',#1006,#1007,#193,.T.);
#1236=EDGE_CURVE('',#1008,#1006,#194,.T.);
#1237=EDGE_CURVE('',#1009,#1008,#195,.T.);
#1238=EDGE_CURVE('',#1010,#1009,#196,.T.);
#1239=EDGE_CURVE('',#1011,#1010,#197,.T.);
#1240=EDGE_CURVE('',#1012,#1011,#198,.T.);
#1241=EDGE_CURVE('',#1013,#1012,#199,.T.);
#1242=EDGE_CURVE('',#1014,#1013,#200,.T.);
#1243=EDGE_CURVE('',#1015,#1014,#201,.T.);
#1244=EDGE_CURVE('',#1016,#1015,#202,.T.);
#1245=EDGE_CURVE('',#1017,#1016,#203,.T.);
#1246=EDGE_CURVE('',#1007,#1017,#204,.T.);
#1247=EDGE_CURVE('',#1018,#1019,#205,.T.);
#1248=EDGE_CURVE('',#1018,#1006,#206,.T.);
#1249=EDGE_CURVE('',#1019,#1007,#207,.T.);
#1250=EDGE_CURVE('',#1020,#1018,#208,.T.);
#1251=EDGE_CURVE('',#1020,#1008,#209,.T.);
#1252=EDGE_CURVE('',#1021,#1020,#210,.T.);
#1253=EDGE_CURVE('',#1021,#1009,#211,.T.);
#1254=EDGE_CURVE('',#1022,#1021,#212,.T.);
#1255=EDGE_CURVE('',#1022,#1010,#213,.T.);
#1256=EDGE_CURVE('',#1023,#1022,#214,.T.);
#1257=EDGE_CURVE('',#1023,#1011,#215,.T.);
#1258=EDGE_CURVE('',#1024,#1023,#216,.T.);
#1259=EDGE_CURVE('',#1024,#1012,#217,.T.);
#1260=EDGE_CURVE('',#1025,#1024,#218,.T.);
#1261=EDGE_CURVE('',#1025,#1013,#219,.T.);
#1262=EDGE_CURVE('',#1026,#1025,#220,.T.);
#1263=EDGE_CURVE('',#1026,#1014,#221,.T.);
#1264=EDGE_CURVE('',#1027,#1026,#222,.T.);
#1265=EDGE_CURVE('',#1027,#1015,#223,.T.);
#1266=EDGE_CURVE('',#1028,#1027,#224,.T.);
#1267=EDGE_CURVE('',#1028,#1016,#225,.T.);
#1268=EDGE_CURVE('',#1029,#1028,#226,.T.);
#1269=EDGE_CURVE('',#1029,#1017,#227,.T.);
#1270=EDGE_CURVE('',#1019,#1029,#228,.T.);
#1271=EDGE_CURVE('',#1030,#1031,#229,.T.);
#1272=EDGE_CURVE('',#1032,#1030,#230,.T.);
#1273=EDGE_CURVE('',#1033,#1032,#231,.T.);
#1274=EDGE_CURVE('',#1034,#1033,#232,.T.);
#1275=EDGE_CURVE('',#1035,#1034,#233,.T.);
#1276=EDGE_CURVE('',#1031,#1035,#234,.T.);
#1277=EDGE_CURVE('',#1036,#1037,#235,.T.);
#1278=EDGE_CURVE('',#1036,#1030,#236,.T.);
#1279=EDGE_CURVE('',#1037,#1031,#237,.T.);
#1280=EDGE_CURVE('',#1038,#1036,#238,.T.);
#1281=EDGE_CURVE('',#1038,#1032,#239,.T.);
#1282=EDGE_CURVE('',#1039,#1038,#240,.T.);
#1283=EDGE_CURVE('',#1039,#1033,#241,.T.);
#1284=EDGE_CURVE('',#1040,#1039,#242,.T.);
#1285=EDGE_CURVE('',#1040,#1034,#243,.T.);
#1286=EDGE_CURVE('',#1041,#1040,#244,.T.);
#1287=EDGE_CURVE('',#1041,#1035,#245,.T.);
#1288=EDGE_CURVE('',#1037,#1041,#246,.T.);
#1289=EDGE_CURVE('',#1042,#1043,#247,.T.);
#1290=EDGE_CURVE('',#1044,#1042,#248,.T.);
#1291=EDGE_CURVE('',#1045,#1044,#249,.T.);
#1292=EDGE_CURVE('',#1046,#1045,#250,.T.);
#1293=EDGE_CURVE('',#1047,#1046,#251,.T.);
#1294=EDGE_CURVE('',#1048,#1047,#252,.T.);
#1295=EDGE_CURVE('',#1049,#1048,#253,.T.);
#1296=EDGE_CURVE('',#1050,#1049,#254,.T.);
#1297=EDGE_CURVE('',#1051,#1050,#255,.T.);
#1298=EDGE_CURVE('',#1043,#1051,#256,.T.);
#1299=EDGE_CURVE('',#1052,#1053,#257,.T.);
#1300=EDGE_CURVE('',#1052,#1042,#258,.T.);
#1301=EDGE_CURVE('',#1053,#1043,#259,.T.);
#1302=EDGE_CURVE('',#1054,#1052,#260,.T.);
#1303=EDGE_CURVE('',#1054,#1044,#261,.T.);
#1304=EDGE_CURVE('',#1055,#1054,#262,.T.);
#1305=EDGE_CURVE('',#1055,#1045,#263,.T.);
#1306=EDGE_CURVE('',#1056,#1055,#264,.T.);
#1307=EDGE_CURVE('',#1056,#1046,#265,.T.);
#1308=EDGE_CURVE('',#1057,#1056,#266,.T.);
#1309=EDGE_CURVE('',#1057,#1047,#267,.T.);
#1310=EDGE_CURVE('',#1058,#1057,#268,.T.);
#1311=EDGE_CURVE('',#1058,#1048,#269,.T.);
#1312=EDGE_CURVE('',#1059,#1058,#270,.T.);
#1313=EDGE_CURVE('',#1059,#1049,#271,.T.);
#1314=EDGE_CURVE('',#1060,#1059,#272,.T.);
#1315=EDGE_CURVE('',#1060,#1050,#273,.T.);
#1316=EDGE_CURVE('',#1061,#1060,#274,.T.);
#1317=EDGE_CURVE('',#1061,#1051,#275,.T.);
#1318=EDGE_CURVE('',#1053,#1061,#276,.T.);
#1319=EDGE_CURVE('',#1062,#1063,#277,.T.);
#1320=EDGE_CURVE('',#1064,#1062,#278,.T.);
#1321=EDGE_CURVE('',#1065,#1064,#279,.T.);
#1322=EDGE_CURVE('',#1063,#1065,#280,.T.);
#1323=EDGE_CURVE('',#1066,#1067,#281,.T.);
#1324=EDGE_CURVE('',#1066,#1062,#282,.T.);
#1325=EDGE_CURVE('',#1067,#1063,#283,.T.);
#1326=EDGE_CURVE('',#1068,#1066,#284,.T.);
#1327=EDGE_CURVE('',#1068,#1064,#285,.T.);
#1328=EDGE_CURVE('',#1069,#1068,#286,.T.);
#1329=EDGE_CURVE('',#1069,#1065,#287,.T.);
#1330=EDGE_CURVE('',#1067,#1069,#288,.T.);
#1331=EDGE_CURVE('',#1070,#1071,#289,.T.);
#1332=EDGE_CURVE('',#1072,#1070,#290,.T.);
#1333=EDGE_CURVE('',#1073,#1072,#291,.T.);
#1334=EDGE_CURVE('',#1071,#1073,#292,.T.);
#1335=EDGE_CURVE('',#1074,#1075,#293,.T.);
#1336=EDGE_CURVE('',#1074,#1070,#294,.T.);
#1337=EDGE_CURVE('',#1075,#1071,#295,.T.);
#1338=EDGE_CURVE('',#1076,#1074,#296,.T.);
#1339=EDGE_CURVE('',#1076,#1072,#297,.T.);
#1340=EDGE_CURVE('',#1077,#1076,#298,.T.);
#1341=EDGE_CURVE('',#1077,#1073,#299,.T.);
#1342=EDGE_CURVE('',#1075,#1077,#300,.T.);
#1343=EDGE_CURVE('',#1078,#1079,#301,.T.);
#1344=EDGE_CURVE('',#1080,#1078,#302,.T.);
#1345=EDGE_CURVE('',#1081,#1080,#303,.T.);
#1346=EDGE_CURVE('',#1082,#1081,#304,.T.);
#1347=EDGE_CURVE('',#1083,#1082,#305,.T.);
#1348=EDGE_CURVE('',#1084,#1083,#306,.T.);
#1349=EDGE_CURVE('',#1085,#1084,#307,.T.);
#1350=EDGE_CURVE('',#1086,#1085,#308,.T.);
#1351=EDGE_CURVE('',#1087,#1086,#309,.T.);
#1352=EDGE_CURVE('',#1088,#1087,#310,.T.);
#1353=EDGE_CURVE('',#1089,#1088,#311,.T.);
#1354=EDGE_CURVE('',#1079,#1089,#312,.T.);
#1355=EDGE_CURVE('',#1090,#1091,#313,.T.);
#1356=EDGE_CURVE('',#1090,#1078,#314,.T.);
#1357=EDGE_CURVE('',#1091,#1079,#315,.T.);
#1358=EDGE_CURVE('',#1092,#1090,#316,.T.);
#1359=EDGE_CURVE('',#1092,#1080,#317,.T.);
#1360=EDGE_CURVE('',#1093,#1092,#318,.T.);
#1361=EDGE_CURVE('',#1093,#1081,#319,.T.);
#1362=EDGE_CURVE('',#1094,#1093,#320,.T.);
#1363=EDGE_CURVE('',#1094,#1082,#321,.T.);
#1364=EDGE_CURVE('',#1095,#1094,#322,.T.);
#1365=EDGE_CURVE('',#1095,#1083,#323,.T.);
#1366=EDGE_CURVE('',#1096,#1095,#324,.T.);
#1367=EDGE_CURVE('',#1096,#1084,#325,.T.);
#1368=EDGE_CURVE('',#1097,#1096,#326,.T.);
#1369=EDGE_CURVE('',#1097,#1085,#327,.T.);
#1370=EDGE_CURVE('',#1098,#1097,#328,.T.);
#1371=EDGE_CURVE('',#1098,#1086,#329,.T.);
#1372=EDGE_CURVE('',#1099,#1098,#330,.T.);
#1373=EDGE_CURVE('',#1099,#1087,#331,.T.);
#1374=EDGE_CURVE('',#1100,#1099,#332,.T.);
#1375=EDGE_CURVE('',#1100,#1088,#333,.T.);
#1376=EDGE_CURVE('',#1101,#1100,#334,.T.);
#1377=EDGE_CURVE('',#1101,#1089,#335,.T.);
#1378=EDGE_CURVE('',#1091,#1101,#336,.T.);
#1379=EDGE_CURVE('',#1102,#1103,#337,.T.);
#1380=EDGE_CURVE('',#1104,#1102,#925,.T.);
#1381=EDGE_CURVE('',#1105,#1104,#926,.T.);
#1382=EDGE_CURVE('',#1106,#1105,#927,.T.);
#1383=EDGE_CURVE('',#1107,#1106,#928,.T.);
#1384=EDGE_CURVE('',#1108,#1107,#929,.T.);
#1385=EDGE_CURVE('',#1109,#1108,#930,.T.);
#1386=EDGE_CURVE('',#1110,#1109,#931,.T.);
#1387=EDGE_CURVE('',#1111,#1110,#932,.T.);
#1388=EDGE_CURVE('',#1112,#1111,#338,.T.);
#1389=EDGE_CURVE('',#1103,#1112,#339,.T.);
#1390=EDGE_CURVE('',#1113,#1114,#933,.T.);
#1391=EDGE_CURVE('',#1115,#1113,#934,.T.);
#1392=EDGE_CURVE('',#1116,#1115,#935,.T.);
#1393=EDGE_CURVE('',#1117,#1116,#936,.T.);
#1394=EDGE_CURVE('',#1118,#1117,#937,.T.);
#1395=EDGE_CURVE('',#1119,#1118,#938,.T.);
#1396=EDGE_CURVE('',#1120,#1119,#939,.T.);
#1397=EDGE_CURVE('',#1121,#1120,#940,.T.);
#1398=EDGE_CURVE('',#1122,#1121,#340,.T.);
#1399=EDGE_CURVE('',#1123,#1122,#341,.T.);
#1400=EDGE_CURVE('',#1114,#1123,#342,.T.);
#1401=EDGE_CURVE('',#1124,#1125,#343,.T.);
#1402=EDGE_CURVE('',#1124,#1102,#344,.T.);
#1403=EDGE_CURVE('',#1125,#1103,#345,.T.);
#1404=EDGE_CURVE('',#1126,#1124,#941,.T.);
#1405=EDGE_CURVE('',#1126,#1104,#346,.T.);
#1406=EDGE_CURVE('',#1127,#1126,#942,.T.);
#1407=EDGE_CURVE('',#1127,#1105,#347,.T.);
#1408=EDGE_CURVE('',#1128,#1127,#943,.T.);
#1409=EDGE_CURVE('',#1128,#1106,#348,.T.);
#1410=EDGE_CURVE('',#1129,#1128,#944,.T.);
#1411=EDGE_CURVE('',#1129,#1107,#349,.T.);
#1412=EDGE_CURVE('',#1130,#1129,#945,.T.);
#1413=EDGE_CURVE('',#1130,#1108,#350,.T.);
#1414=EDGE_CURVE('',#1131,#1130,#946,.T.);
#1415=EDGE_CURVE('',#1131,#1109,#351,.T.);
#1416=EDGE_CURVE('',#1132,#1131,#947,.T.);
#1417=EDGE_CURVE('',#1132,#1110,#352,.T.);
#1418=EDGE_CURVE('',#1133,#1132,#948,.T.);
#1419=EDGE_CURVE('',#1133,#1111,#353,.T.);
#1420=EDGE_CURVE('',#1134,#1133,#354,.T.);
#1421=EDGE_CURVE('',#1134,#1112,#355,.T.);
#1422=EDGE_CURVE('',#1125,#1134,#356,.T.);
#1423=EDGE_CURVE('',#1135,#1136,#949,.T.);
#1424=EDGE_CURVE('',#1135,#1113,#357,.T.);
#1425=EDGE_CURVE('',#1136,#1114,#358,.T.);
#1426=EDGE_CURVE('',#1137,#1135,#950,.T.);
#1427=EDGE_CURVE('',#1137,#1115,#359,.T.);
#1428=EDGE_CURVE('',#1138,#1137,#951,.T.);
#1429=EDGE_CURVE('',#1138,#1116,#360,.T.);
#1430=EDGE_CURVE('',#1139,#1138,#952,.T.);
#1431=EDGE_CURVE('',#1139,#1117,#361,.T.);
#1432=EDGE_CURVE('',#1140,#1139,#953,.T.);
#1433=EDGE_CURVE('',#1140,#1118,#362,.T.);
#1434=EDGE_CURVE('',#1141,#1140,#954,.T.);
#1435=EDGE_CURVE('',#1141,#1119,#363,.T.);
#1436=EDGE_CURVE('',#1142,#1141,#955,.T.);
#1437=EDGE_CURVE('',#1142,#1120,#364,.T.);
#1438=EDGE_CURVE('',#1143,#1142,#956,.T.);
#1439=EDGE_CURVE('',#1143,#1121,#365,.T.);
#1440=EDGE_CURVE('',#1144,#1143,#366,.T.);
#1441=EDGE_CURVE('',#1144,#1122,#367,.T.);
#1442=EDGE_CURVE('',#1145,#1144,#368,.T.);
#1443=EDGE_CURVE('',#1145,#1123,#369,.T.);
#1444=EDGE_CURVE('',#1136,#1145,#370,.T.);
#1445=EDGE_CURVE('',#1146,#1146,#916,.T.);
#1446=EDGE_CURVE('',#1146,#1147,#371,.T.);
#1447=EDGE_CURVE('',#1147,#1147,#917,.T.);
#1448=EDGE_CURVE('',#1148,#1148,#918,.T.);
#1449=EDGE_CURVE('',#1148,#1149,#372,.T.);
#1450=EDGE_CURVE('',#1149,#1149,#919,.T.);
#1451=EDGE_CURVE('',#1150,#1150,#920,.T.);
#1452=EDGE_CURVE('',#1150,#1151,#373,.T.);
#1453=EDGE_CURVE('',#1151,#1151,#921,.T.);
#1454=EDGE_CURVE('',#1152,#1153,#374,.T.);
#1455=EDGE_CURVE('',#1152,#1154,#375,.T.);
#1456=EDGE_CURVE('',#1155,#1154,#376,.T.);
#1457=EDGE_CURVE('',#1153,#1155,#377,.T.);
#1458=EDGE_CURVE('',#1153,#1156,#378,.T.);
#1459=EDGE_CURVE('',#1157,#1155,#379,.T.);
#1460=EDGE_CURVE('',#1156,#1157,#380,.T.);
#1461=EDGE_CURVE('',#1156,#1158,#381,.T.);
#1462=EDGE_CURVE('',#1159,#1157,#382,.T.);
#1463=EDGE_CURVE('',#1158,#1159,#383,.T.);
#1464=EDGE_CURVE('',#1158,#1152,#384,.T.);
#1465=EDGE_CURVE('',#1154,#1159,#385,.T.);
#1466=ORIENTED_EDGE('',*,*,#1160,.F.);
#1467=ORIENTED_EDGE('',*,*,#1161,.T.);
#1468=ORIENTED_EDGE('',*,*,#1162,.T.);
#1469=ORIENTED_EDGE('',*,*,#1163,.T.);
#1470=ORIENTED_EDGE('',*,*,#1162,.F.);
#1471=ORIENTED_EDGE('',*,*,#1164,.T.);
#1472=ORIENTED_EDGE('',*,*,#1165,.F.);
#1473=ORIENTED_EDGE('',*,*,#1166,.T.);
#1474=ORIENTED_EDGE('',*,*,#1163,.F.);
#1475=ORIENTED_EDGE('',*,*,#1166,.F.);
#1476=ORIENTED_EDGE('',*,*,#1167,.F.);
#1477=ORIENTED_EDGE('',*,*,#1168,.T.);
#1478=ORIENTED_EDGE('',*,*,#1169,.T.);
#1479=ORIENTED_EDGE('',*,*,#1170,.T.);
#1480=ORIENTED_EDGE('',*,*,#1169,.F.);
#1481=ORIENTED_EDGE('',*,*,#1171,.T.);
#1482=ORIENTED_EDGE('',*,*,#1172,.F.);
#1483=ORIENTED_EDGE('',*,*,#1173,.T.);
#1484=ORIENTED_EDGE('',*,*,#1170,.F.);
#1485=ORIENTED_EDGE('',*,*,#1173,.F.);
#1486=ORIENTED_EDGE('',*,*,#1174,.F.);
#1487=ORIENTED_EDGE('',*,*,#1175,.T.);
#1488=ORIENTED_EDGE('',*,*,#1176,.T.);
#1489=ORIENTED_EDGE('',*,*,#1177,.T.);
#1490=ORIENTED_EDGE('',*,*,#1176,.F.);
#1491=ORIENTED_EDGE('',*,*,#1178,.T.);
#1492=ORIENTED_EDGE('',*,*,#1179,.F.);
#1493=ORIENTED_EDGE('',*,*,#1180,.T.);
#1494=ORIENTED_EDGE('',*,*,#1177,.F.);
#1495=ORIENTED_EDGE('',*,*,#1180,.F.);
#1496=ORIENTED_EDGE('',*,*,#1181,.F.);
#1497=ORIENTED_EDGE('',*,*,#1182,.F.);
#1498=ORIENTED_EDGE('',*,*,#1183,.F.);
#1499=ORIENTED_EDGE('',*,*,#1184,.F.);
#1500=ORIENTED_EDGE('',*,*,#1185,.T.);
#1501=ORIENTED_EDGE('',*,*,#1186,.F.);
#1502=ORIENTED_EDGE('',*,*,#1187,.F.);
#1503=ORIENTED_EDGE('',*,*,#1188,.F.);
#1504=ORIENTED_EDGE('',*,*,#1187,.T.);
#1505=ORIENTED_EDGE('',*,*,#1189,.F.);
#1506=ORIENTED_EDGE('',*,*,#1174,.T.);
#1507=ORIENTED_EDGE('',*,*,#1190,.F.);
#1508=ORIENTED_EDGE('',*,*,#1191,.F.);
#1509=ORIENTED_EDGE('',*,*,#1192,.F.);
#1510=ORIENTED_EDGE('',*,*,#1191,.T.);
#1511=ORIENTED_EDGE('',*,*,#1193,.F.);
#1512=ORIENTED_EDGE('',*,*,#1160,.T.);
#1513=ORIENTED_EDGE('',*,*,#1194,.F.);
#1514=ORIENTED_EDGE('',*,*,#1195,.F.);
#1515=ORIENTED_EDGE('',*,*,#1196,.F.);
#1516=ORIENTED_EDGE('',*,*,#1195,.T.);
#1517=ORIENTED_EDGE('',*,*,#1197,.F.);
#1518=ORIENTED_EDGE('',*,*,#1167,.T.);
#1519=ORIENTED_EDGE('',*,*,#1198,.F.);
#1520=ORIENTED_EDGE('',*,*,#1185,.F.);
#1521=ORIENTED_EDGE('',*,*,#1161,.F.);
#1522=ORIENTED_EDGE('',*,*,#1193,.T.);
#1523=ORIENTED_EDGE('',*,*,#1190,.T.);
#1524=ORIENTED_EDGE('',*,*,#1178,.F.);
#1525=ORIENTED_EDGE('',*,*,#1175,.F.);
#1526=ORIENTED_EDGE('',*,*,#1189,.T.);
#1527=ORIENTED_EDGE('',*,*,#1186,.T.);
#1528=ORIENTED_EDGE('',*,*,#1198,.T.);
#1529=ORIENTED_EDGE('',*,*,#1171,.F.);
#1530=ORIENTED_EDGE('',*,*,#1168,.F.);
#1531=ORIENTED_EDGE('',*,*,#1197,.T.);
#1532=ORIENTED_EDGE('',*,*,#1194,.T.);
#1533=ORIENTED_EDGE('',*,*,#1164,.F.);
#1534=ORIENTED_EDGE('',*,*,#1199,.F.);
#1535=ORIENTED_EDGE('',*,*,#1200,.T.);
#1536=ORIENTED_EDGE('',*,*,#1181,.T.);
#1537=ORIENTED_EDGE('',*,*,#1200,.F.);
#1538=ORIENTED_EDGE('',*,*,#1165,.T.);
#1539=ORIENTED_EDGE('',*,*,#1199,.T.);
#1540=ORIENTED_EDGE('',*,*,#1201,.F.);
#1541=ORIENTED_EDGE('',*,*,#1202,.T.);
#1542=ORIENTED_EDGE('',*,*,#1182,.T.);
#1543=ORIENTED_EDGE('',*,*,#1202,.F.);
#1544=ORIENTED_EDGE('',*,*,#1179,.T.);
#1545=ORIENTED_EDGE('',*,*,#1201,.T.);
#1546=ORIENTED_EDGE('',*,*,#1203,.F.);
#1547=ORIENTED_EDGE('',*,*,#1204,.T.);
#1548=ORIENTED_EDGE('',*,*,#1183,.T.);
#1549=ORIENTED_EDGE('',*,*,#1204,.F.);
#1550=ORIENTED_EDGE('',*,*,#1172,.T.);
#1551=ORIENTED_EDGE('',*,*,#1203,.T.);
#1552=ORIENTED_EDGE('',*,*,#1196,.T.);
#1553=ORIENTED_EDGE('',*,*,#1184,.T.);
#1554=ORIENTED_EDGE('',*,*,#1188,.T.);
#1555=ORIENTED_EDGE('',*,*,#1192,.T.);
#1556=ORIENTED_EDGE('',*,*,#1205,.F.);
#1557=ORIENTED_EDGE('',*,*,#1206,.F.);
#1558=ORIENTED_EDGE('',*,*,#1207,.F.);
#1559=ORIENTED_EDGE('',*,*,#1208,.F.);
#1560=ORIENTED_EDGE('',*,*,#1209,.F.);
#1561=ORIENTED_EDGE('',*,*,#1210,.F.);
#1562=ORIENTED_EDGE('',*,*,#1211,.F.);
#1563=ORIENTED_EDGE('',*,*,#1212,.F.);
#1564=ORIENTED_EDGE('',*,*,#1213,.F.);
#1565=ORIENTED_EDGE('',*,*,#1214,.F.);
#1566=ORIENTED_EDGE('',*,*,#1215,.F.);
#1567=ORIENTED_EDGE('',*,*,#1216,.T.);
#1568=ORIENTED_EDGE('',*,*,#1205,.T.);
#1569=ORIENTED_EDGE('',*,*,#1217,.F.);
#1570=ORIENTED_EDGE('',*,*,#1218,.F.);
#1571=ORIENTED_EDGE('',*,*,#1219,.T.);
#1572=ORIENTED_EDGE('',*,*,#1206,.T.);
#1573=ORIENTED_EDGE('',*,*,#1216,.F.);
#1574=ORIENTED_EDGE('',*,*,#1220,.F.);
#1575=ORIENTED_EDGE('',*,*,#1221,.T.);
#1576=ORIENTED_EDGE('',*,*,#1207,.T.);
#1577=ORIENTED_EDGE('',*,*,#1219,.F.);
#1578=ORIENTED_EDGE('',*,*,#1222,.F.);
#1579=ORIENTED_EDGE('',*,*,#1223,.T.);
#1580=ORIENTED_EDGE('',*,*,#1208,.T.);
#1581=ORIENTED_EDGE('',*,*,#1221,.F.);
#1582=ORIENTED_EDGE('',*,*,#1224,.F.);
#1583=ORIENTED_EDGE('',*,*,#1225,.T.);
#1584=ORIENTED_EDGE('',*,*,#1209,.T.);
#1585=ORIENTED_EDGE('',*,*,#1223,.F.);
#1586=ORIENTED_EDGE('',*,*,#1226,.F.);
#1587=ORIENTED_EDGE('',*,*,#1227,.T.);
#1588=ORIENTED_EDGE('',*,*,#1210,.T.);
#1589=ORIENTED_EDGE('',*,*,#1225,.F.);
#1590=ORIENTED_EDGE('',*,*,#1228,.F.);
#1591=ORIENTED_EDGE('',*,*,#1229,.T.);
#1592=ORIENTED_EDGE('',*,*,#1211,.T.);
#1593=ORIENTED_EDGE('',*,*,#1227,.F.);
#1594=ORIENTED_EDGE('',*,*,#1230,.F.);
#1595=ORIENTED_EDGE('',*,*,#1231,.T.);
#1596=ORIENTED_EDGE('',*,*,#1212,.T.);
#1597=ORIENTED_EDGE('',*,*,#1229,.F.);
#1598=ORIENTED_EDGE('',*,*,#1232,.F.);
#1599=ORIENTED_EDGE('',*,*,#1233,.T.);
#1600=ORIENTED_EDGE('',*,*,#1213,.T.);
#1601=ORIENTED_EDGE('',*,*,#1231,.F.);
#1602=ORIENTED_EDGE('',*,*,#1234,.F.);
#1603=ORIENTED_EDGE('',*,*,#1217,.T.);
#1604=ORIENTED_EDGE('',*,*,#1214,.T.);
#1605=ORIENTED_EDGE('',*,*,#1233,.F.);
#1606=ORIENTED_EDGE('',*,*,#1235,.F.);
#1607=ORIENTED_EDGE('',*,*,#1236,.F.);
#1608=ORIENTED_EDGE('',*,*,#1237,.F.);
#1609=ORIENTED_EDGE('',*,*,#1238,.F.);
#1610=ORIENTED_EDGE('',*,*,#1239,.F.);
#1611=ORIENTED_EDGE('',*,*,#1240,.F.);
#1612=ORIENTED_EDGE('',*,*,#1241,.F.);
#1613=ORIENTED_EDGE('',*,*,#1242,.F.);
#1614=ORIENTED_EDGE('',*,*,#1243,.F.);
#1615=ORIENTED_EDGE('',*,*,#1244,.F.);
#1616=ORIENTED_EDGE('',*,*,#1245,.F.);
#1617=ORIENTED_EDGE('',*,*,#1246,.F.);
#1618=ORIENTED_EDGE('',*,*,#1247,.F.);
#1619=ORIENTED_EDGE('',*,*,#1248,.T.);
#1620=ORIENTED_EDGE('',*,*,#1235,.T.);
#1621=ORIENTED_EDGE('',*,*,#1249,.F.);
#1622=ORIENTED_EDGE('',*,*,#1250,.F.);
#1623=ORIENTED_EDGE('',*,*,#1251,.T.);
#1624=ORIENTED_EDGE('',*,*,#1236,.T.);
#1625=ORIENTED_EDGE('',*,*,#1248,.F.);
#1626=ORIENTED_EDGE('',*,*,#1252,.F.);
#1627=ORIENTED_EDGE('',*,*,#1253,.T.);
#1628=ORIENTED_EDGE('',*,*,#1237,.T.);
#1629=ORIENTED_EDGE('',*,*,#1251,.F.);
#1630=ORIENTED_EDGE('',*,*,#1254,.F.);
#1631=ORIENTED_EDGE('',*,*,#1255,.T.);
#1632=ORIENTED_EDGE('',*,*,#1238,.T.);
#1633=ORIENTED_EDGE('',*,*,#1253,.F.);
#1634=ORIENTED_EDGE('',*,*,#1256,.F.);
#1635=ORIENTED_EDGE('',*,*,#1257,.T.);
#1636=ORIENTED_EDGE('',*,*,#1239,.T.);
#1637=ORIENTED_EDGE('',*,*,#1255,.F.);
#1638=ORIENTED_EDGE('',*,*,#1258,.F.);
#1639=ORIENTED_EDGE('',*,*,#1259,.T.);
#1640=ORIENTED_EDGE('',*,*,#1240,.T.);
#1641=ORIENTED_EDGE('',*,*,#1257,.F.);
#1642=ORIENTED_EDGE('',*,*,#1260,.F.);
#1643=ORIENTED_EDGE('',*,*,#1261,.T.);
#1644=ORIENTED_EDGE('',*,*,#1241,.T.);
#1645=ORIENTED_EDGE('',*,*,#1259,.F.);
#1646=ORIENTED_EDGE('',*,*,#1262,.F.);
#1647=ORIENTED_EDGE('',*,*,#1263,.T.);
#1648=ORIENTED_EDGE('',*,*,#1242,.T.);
#1649=ORIENTED_EDGE('',*,*,#1261,.F.);
#1650=ORIENTED_EDGE('',*,*,#1264,.F.);
#1651=ORIENTED_EDGE('',*,*,#1265,.T.);
#1652=ORIENTED_EDGE('',*,*,#1243,.T.);
#1653=ORIENTED_EDGE('',*,*,#1263,.F.);
#1654=ORIENTED_EDGE('',*,*,#1266,.F.);
#1655=ORIENTED_EDGE('',*,*,#1267,.T.);
#1656=ORIENTED_EDGE('',*,*,#1244,.T.);
#1657=ORIENTED_EDGE('',*,*,#1265,.F.);
#1658=ORIENTED_EDGE('',*,*,#1268,.F.);
#1659=ORIENTED_EDGE('',*,*,#1269,.T.);
#1660=ORIENTED_EDGE('',*,*,#1245,.T.);
#1661=ORIENTED_EDGE('',*,*,#1267,.F.);
#1662=ORIENTED_EDGE('',*,*,#1270,.F.);
#1663=ORIENTED_EDGE('',*,*,#1249,.T.);
#1664=ORIENTED_EDGE('',*,*,#1246,.T.);
#1665=ORIENTED_EDGE('',*,*,#1269,.F.);
#1666=ORIENTED_EDGE('',*,*,#1271,.F.);
#1667=ORIENTED_EDGE('',*,*,#1272,.F.);
#1668=ORIENTED_EDGE('',*,*,#1273,.F.);
#1669=ORIENTED_EDGE('',*,*,#1274,.F.);
#1670=ORIENTED_EDGE('',*,*,#1275,.F.);
#1671=ORIENTED_EDGE('',*,*,#1276,.F.);
#1672=ORIENTED_EDGE('',*,*,#1277,.F.);
#1673=ORIENTED_EDGE('',*,*,#1278,.T.);
#1674=ORIENTED_EDGE('',*,*,#1271,.T.);
#1675=ORIENTED_EDGE('',*,*,#1279,.F.);
#1676=ORIENTED_EDGE('',*,*,#1280,.F.);
#1677=ORIENTED_EDGE('',*,*,#1281,.T.);
#1678=ORIENTED_EDGE('',*,*,#1272,.T.);
#1679=ORIENTED_EDGE('',*,*,#1278,.F.);
#1680=ORIENTED_EDGE('',*,*,#1282,.F.);
#1681=ORIENTED_EDGE('',*,*,#1283,.T.);
#1682=ORIENTED_EDGE('',*,*,#1273,.T.);
#1683=ORIENTED_EDGE('',*,*,#1281,.F.);
#1684=ORIENTED_EDGE('',*,*,#1284,.F.);
#1685=ORIENTED_EDGE('',*,*,#1285,.T.);
#1686=ORIENTED_EDGE('',*,*,#1274,.T.);
#1687=ORIENTED_EDGE('',*,*,#1283,.F.);
#1688=ORIENTED_EDGE('',*,*,#1286,.F.);
#1689=ORIENTED_EDGE('',*,*,#1287,.T.);
#1690=ORIENTED_EDGE('',*,*,#1275,.T.);
#1691=ORIENTED_EDGE('',*,*,#1285,.F.);
#1692=ORIENTED_EDGE('',*,*,#1288,.F.);
#1693=ORIENTED_EDGE('',*,*,#1279,.T.);
#1694=ORIENTED_EDGE('',*,*,#1276,.T.);
#1695=ORIENTED_EDGE('',*,*,#1287,.F.);
#1696=ORIENTED_EDGE('',*,*,#1289,.F.);
#1697=ORIENTED_EDGE('',*,*,#1290,.F.);
#1698=ORIENTED_EDGE('',*,*,#1291,.F.);
#1699=ORIENTED_EDGE('',*,*,#1292,.F.);
#1700=ORIENTED_EDGE('',*,*,#1293,.F.);
#1701=ORIENTED_EDGE('',*,*,#1294,.F.);
#1702=ORIENTED_EDGE('',*,*,#1295,.F.);
#1703=ORIENTED_EDGE('',*,*,#1296,.F.);
#1704=ORIENTED_EDGE('',*,*,#1297,.F.);
#1705=ORIENTED_EDGE('',*,*,#1298,.F.);
#1706=ORIENTED_EDGE('',*,*,#1299,.F.);
#1707=ORIENTED_EDGE('',*,*,#1300,.T.);
#1708=ORIENTED_EDGE('',*,*,#1289,.T.);
#1709=ORIENTED_EDGE('',*,*,#1301,.F.);
#1710=ORIENTED_EDGE('',*,*,#1302,.F.);
#1711=ORIENTED_EDGE('',*,*,#1303,.T.);
#1712=ORIENTED_EDGE('',*,*,#1290,.T.);
#1713=ORIENTED_EDGE('',*,*,#1300,.F.);
#1714=ORIENTED_EDGE('',*,*,#1304,.F.);
#1715=ORIENTED_EDGE('',*,*,#1305,.T.);
#1716=ORIENTED_EDGE('',*,*,#1291,.T.);
#1717=ORIENTED_EDGE('',*,*,#1303,.F.);
#1718=ORIENTED_EDGE('',*,*,#1306,.F.);
#1719=ORIENTED_EDGE('',*,*,#1307,.T.);
#1720=ORIENTED_EDGE('',*,*,#1292,.T.);
#1721=ORIENTED_EDGE('',*,*,#1305,.F.);
#1722=ORIENTED_EDGE('',*,*,#1308,.F.);
#1723=ORIENTED_EDGE('',*,*,#1309,.T.);
#1724=ORIENTED_EDGE('',*,*,#1293,.T.);
#1725=ORIENTED_EDGE('',*,*,#1307,.F.);
#1726=ORIENTED_EDGE('',*,*,#1310,.F.);
#1727=ORIENTED_EDGE('',*,*,#1311,.T.);
#1728=ORIENTED_EDGE('',*,*,#1294,.T.);
#1729=ORIENTED_EDGE('',*,*,#1309,.F.);
#1730=ORIENTED_EDGE('',*,*,#1312,.F.);
#1731=ORIENTED_EDGE('',*,*,#1313,.T.);
#1732=ORIENTED_EDGE('',*,*,#1295,.T.);
#1733=ORIENTED_EDGE('',*,*,#1311,.F.);
#1734=ORIENTED_EDGE('',*,*,#1314,.F.);
#1735=ORIENTED_EDGE('',*,*,#1315,.T.);
#1736=ORIENTED_EDGE('',*,*,#1296,.T.);
#1737=ORIENTED_EDGE('',*,*,#1313,.F.);
#1738=ORIENTED_EDGE('',*,*,#1316,.F.);
#1739=ORIENTED_EDGE('',*,*,#1317,.T.);
#1740=ORIENTED_EDGE('',*,*,#1297,.T.);
#1741=ORIENTED_EDGE('',*,*,#1315,.F.);
#1742=ORIENTED_EDGE('',*,*,#1318,.F.);
#1743=ORIENTED_EDGE('',*,*,#1301,.T.);
#1744=ORIENTED_EDGE('',*,*,#1298,.T.);
#1745=ORIENTED_EDGE('',*,*,#1317,.F.);
#1746=ORIENTED_EDGE('',*,*,#1319,.F.);
#1747=ORIENTED_EDGE('',*,*,#1320,.F.);
#1748=ORIENTED_EDGE('',*,*,#1321,.F.);
#1749=ORIENTED_EDGE('',*,*,#1322,.F.);
#1750=ORIENTED_EDGE('',*,*,#1323,.F.);
#1751=ORIENTED_EDGE('',*,*,#1324,.T.);
#1752=ORIENTED_EDGE('',*,*,#1319,.T.);
#1753=ORIENTED_EDGE('',*,*,#1325,.F.);
#1754=ORIENTED_EDGE('',*,*,#1326,.F.);
#1755=ORIENTED_EDGE('',*,*,#1327,.T.);
#1756=ORIENTED_EDGE('',*,*,#1320,.T.);
#1757=ORIENTED_EDGE('',*,*,#1324,.F.);
#1758=ORIENTED_EDGE('',*,*,#1328,.F.);
#1759=ORIENTED_EDGE('',*,*,#1329,.T.);
#1760=ORIENTED_EDGE('',*,*,#1321,.T.);
#1761=ORIENTED_EDGE('',*,*,#1327,.F.);
#1762=ORIENTED_EDGE('',*,*,#1330,.F.);
#1763=ORIENTED_EDGE('',*,*,#1325,.T.);
#1764=ORIENTED_EDGE('',*,*,#1322,.T.);
#1765=ORIENTED_EDGE('',*,*,#1329,.F.);
#1766=ORIENTED_EDGE('',*,*,#1331,.F.);
#1767=ORIENTED_EDGE('',*,*,#1332,.F.);
#1768=ORIENTED_EDGE('',*,*,#1333,.F.);
#1769=ORIENTED_EDGE('',*,*,#1334,.F.);
#1770=ORIENTED_EDGE('',*,*,#1335,.F.);
#1771=ORIENTED_EDGE('',*,*,#1336,.T.);
#1772=ORIENTED_EDGE('',*,*,#1331,.T.);
#1773=ORIENTED_EDGE('',*,*,#1337,.F.);
#1774=ORIENTED_EDGE('',*,*,#1338,.F.);
#1775=ORIENTED_EDGE('',*,*,#1339,.T.);
#1776=ORIENTED_EDGE('',*,*,#1332,.T.);
#1777=ORIENTED_EDGE('',*,*,#1336,.F.);
#1778=ORIENTED_EDGE('',*,*,#1340,.F.);
#1779=ORIENTED_EDGE('',*,*,#1341,.T.);
#1780=ORIENTED_EDGE('',*,*,#1333,.T.);
#1781=ORIENTED_EDGE('',*,*,#1339,.F.);
#1782=ORIENTED_EDGE('',*,*,#1342,.F.);
#1783=ORIENTED_EDGE('',*,*,#1337,.T.);
#1784=ORIENTED_EDGE('',*,*,#1334,.T.);
#1785=ORIENTED_EDGE('',*,*,#1341,.F.);
#1786=ORIENTED_EDGE('',*,*,#1343,.F.);
#1787=ORIENTED_EDGE('',*,*,#1344,.F.);
#1788=ORIENTED_EDGE('',*,*,#1345,.F.);
#1789=ORIENTED_EDGE('',*,*,#1346,.F.);
#1790=ORIENTED_EDGE('',*,*,#1347,.F.);
#1791=ORIENTED_EDGE('',*,*,#1348,.F.);
#1792=ORIENTED_EDGE('',*,*,#1349,.F.);
#1793=ORIENTED_EDGE('',*,*,#1350,.F.);
#1794=ORIENTED_EDGE('',*,*,#1351,.F.);
#1795=ORIENTED_EDGE('',*,*,#1352,.F.);
#1796=ORIENTED_EDGE('',*,*,#1353,.F.);
#1797=ORIENTED_EDGE('',*,*,#1354,.F.);
#1798=ORIENTED_EDGE('',*,*,#1355,.F.);
#1799=ORIENTED_EDGE('',*,*,#1356,.T.);
#1800=ORIENTED_EDGE('',*,*,#1343,.T.);
#1801=ORIENTED_EDGE('',*,*,#1357,.F.);
#1802=ORIENTED_EDGE('',*,*,#1358,.F.);
#1803=ORIENTED_EDGE('',*,*,#1359,.T.);
#1804=ORIENTED_EDGE('',*,*,#1344,.T.);
#1805=ORIENTED_EDGE('',*,*,#1356,.F.);
#1806=ORIENTED_EDGE('',*,*,#1360,.F.);
#1807=ORIENTED_EDGE('',*,*,#1361,.T.);
#1808=ORIENTED_EDGE('',*,*,#1345,.T.);
#1809=ORIENTED_EDGE('',*,*,#1359,.F.);
#1810=ORIENTED_EDGE('',*,*,#1362,.F.);
#1811=ORIENTED_EDGE('',*,*,#1363,.T.);
#1812=ORIENTED_EDGE('',*,*,#1346,.T.);
#1813=ORIENTED_EDGE('',*,*,#1361,.F.);
#1814=ORIENTED_EDGE('',*,*,#1364,.F.);
#1815=ORIENTED_EDGE('',*,*,#1365,.T.);
#1816=ORIENTED_EDGE('',*,*,#1347,.T.);
#1817=ORIENTED_EDGE('',*,*,#1363,.F.);
#1818=ORIENTED_EDGE('',*,*,#1366,.F.);
#1819=ORIENTED_EDGE('',*,*,#1367,.T.);
#1820=ORIENTED_EDGE('',*,*,#1348,.T.);
#1821=ORIENTED_EDGE('',*,*,#1365,.F.);
#1822=ORIENTED_EDGE('',*,*,#1368,.F.);
#1823=ORIENTED_EDGE('',*,*,#1369,.T.);
#1824=ORIENTED_EDGE('',*,*,#1349,.T.);
#1825=ORIENTED_EDGE('',*,*,#1367,.F.);
#1826=ORIENTED_EDGE('',*,*,#1370,.F.);
#1827=ORIENTED_EDGE('',*,*,#1371,.T.);
#1828=ORIENTED_EDGE('',*,*,#1350,.T.);
#1829=ORIENTED_EDGE('',*,*,#1369,.F.);
#1830=ORIENTED_EDGE('',*,*,#1372,.F.);
#1831=ORIENTED_EDGE('',*,*,#1373,.T.);
#1832=ORIENTED_EDGE('',*,*,#1351,.T.);
#1833=ORIENTED_EDGE('',*,*,#1371,.F.);
#1834=ORIENTED_EDGE('',*,*,#1374,.F.);
#1835=ORIENTED_EDGE('',*,*,#1375,.T.);
#1836=ORIENTED_EDGE('',*,*,#1352,.T.);
#1837=ORIENTED_EDGE('',*,*,#1373,.F.);
#1838=ORIENTED_EDGE('',*,*,#1376,.F.);
#1839=ORIENTED_EDGE('',*,*,#1377,.T.);
#1840=ORIENTED_EDGE('',*,*,#1353,.T.);
#1841=ORIENTED_EDGE('',*,*,#1375,.F.);
#1842=ORIENTED_EDGE('',*,*,#1378,.F.);
#1843=ORIENTED_EDGE('',*,*,#1357,.T.);
#1844=ORIENTED_EDGE('',*,*,#1354,.T.);
#1845=ORIENTED_EDGE('',*,*,#1377,.F.);
#1846=ORIENTED_EDGE('',*,*,#1379,.F.);
#1847=ORIENTED_EDGE('',*,*,#1380,.F.);
#1848=ORIENTED_EDGE('',*,*,#1381,.F.);
#1849=ORIENTED_EDGE('',*,*,#1382,.F.);
#1850=ORIENTED_EDGE('',*,*,#1383,.F.);
#1851=ORIENTED_EDGE('',*,*,#1384,.F.);
#1852=ORIENTED_EDGE('',*,*,#1385,.F.);
#1853=ORIENTED_EDGE('',*,*,#1386,.F.);
#1854=ORIENTED_EDGE('',*,*,#1387,.F.);
#1855=ORIENTED_EDGE('',*,*,#1388,.F.);
#1856=ORIENTED_EDGE('',*,*,#1389,.F.);
#1857=ORIENTED_EDGE('',*,*,#1390,.F.);
#1858=ORIENTED_EDGE('',*,*,#1391,.F.);
#1859=ORIENTED_EDGE('',*,*,#1392,.F.);
#1860=ORIENTED_EDGE('',*,*,#1393,.F.);
#1861=ORIENTED_EDGE('',*,*,#1394,.F.);
#1862=ORIENTED_EDGE('',*,*,#1395,.F.);
#1863=ORIENTED_EDGE('',*,*,#1396,.F.);
#1864=ORIENTED_EDGE('',*,*,#1397,.F.);
#1865=ORIENTED_EDGE('',*,*,#1398,.F.);
#1866=ORIENTED_EDGE('',*,*,#1399,.F.);
#1867=ORIENTED_EDGE('',*,*,#1400,.F.);
#1868=ORIENTED_EDGE('',*,*,#1401,.F.);
#1869=ORIENTED_EDGE('',*,*,#1402,.T.);
#1870=ORIENTED_EDGE('',*,*,#1379,.T.);
#1871=ORIENTED_EDGE('',*,*,#1403,.F.);
#1872=ORIENTED_EDGE('',*,*,#1404,.F.);
#1873=ORIENTED_EDGE('',*,*,#1405,.T.);
#1874=ORIENTED_EDGE('',*,*,#1380,.T.);
#1875=ORIENTED_EDGE('',*,*,#1402,.F.);
#1876=ORIENTED_EDGE('',*,*,#1406,.F.);
#1877=ORIENTED_EDGE('',*,*,#1407,.T.);
#1878=ORIENTED_EDGE('',*,*,#1381,.T.);
#1879=ORIENTED_EDGE('',*,*,#1405,.F.);
#1880=ORIENTED_EDGE('',*,*,#1408,.F.);
#1881=ORIENTED_EDGE('',*,*,#1409,.T.);
#1882=ORIENTED_EDGE('',*,*,#1382,.T.);
#1883=ORIENTED_EDGE('',*,*,#1407,.F.);
#1884=ORIENTED_EDGE('',*,*,#1410,.F.);
#1885=ORIENTED_EDGE('',*,*,#1411,.T.);
#1886=ORIENTED_EDGE('',*,*,#1383,.T.);
#1887=ORIENTED_EDGE('',*,*,#1409,.F.);
#1888=ORIENTED_EDGE('',*,*,#1412,.F.);
#1889=ORIENTED_EDGE('',*,*,#1413,.T.);
#1890=ORIENTED_EDGE('',*,*,#1384,.T.);
#1891=ORIENTED_EDGE('',*,*,#1411,.F.);
#1892=ORIENTED_EDGE('',*,*,#1414,.F.);
#1893=ORIENTED_EDGE('',*,*,#1415,.T.);
#1894=ORIENTED_EDGE('',*,*,#1385,.T.);
#1895=ORIENTED_EDGE('',*,*,#1413,.F.);
#1896=ORIENTED_EDGE('',*,*,#1416,.F.);
#1897=ORIENTED_EDGE('',*,*,#1417,.T.);
#1898=ORIENTED_EDGE('',*,*,#1386,.T.);
#1899=ORIENTED_EDGE('',*,*,#1415,.F.);
#1900=ORIENTED_EDGE('',*,*,#1418,.F.);
#1901=ORIENTED_EDGE('',*,*,#1419,.T.);
#1902=ORIENTED_EDGE('',*,*,#1387,.T.);
#1903=ORIENTED_EDGE('',*,*,#1417,.F.);
#1904=ORIENTED_EDGE('',*,*,#1420,.F.);
#1905=ORIENTED_EDGE('',*,*,#1421,.T.);
#1906=ORIENTED_EDGE('',*,*,#1388,.T.);
#1907=ORIENTED_EDGE('',*,*,#1419,.F.);
#1908=ORIENTED_EDGE('',*,*,#1422,.F.);
#1909=ORIENTED_EDGE('',*,*,#1403,.T.);
#1910=ORIENTED_EDGE('',*,*,#1389,.T.);
#1911=ORIENTED_EDGE('',*,*,#1421,.F.);
#1912=ORIENTED_EDGE('',*,*,#1423,.F.);
#1913=ORIENTED_EDGE('',*,*,#1424,.T.);
#1914=ORIENTED_EDGE('',*,*,#1390,.T.);
#1915=ORIENTED_EDGE('',*,*,#1425,.F.);
#1916=ORIENTED_EDGE('',*,*,#1426,.F.);
#1917=ORIENTED_EDGE('',*,*,#1427,.T.);
#1918=ORIENTED_EDGE('',*,*,#1391,.T.);
#1919=ORIENTED_EDGE('',*,*,#1424,.F.);
#1920=ORIENTED_EDGE('',*,*,#1428,.F.);
#1921=ORIENTED_EDGE('',*,*,#1429,.T.);
#1922=ORIENTED_EDGE('',*,*,#1392,.T.);
#1923=ORIENTED_EDGE('',*,*,#1427,.F.);
#1924=ORIENTED_EDGE('',*,*,#1430,.F.);
#1925=ORIENTED_EDGE('',*,*,#1431,.T.);
#1926=ORIENTED_EDGE('',*,*,#1393,.T.);
#1927=ORIENTED_EDGE('',*,*,#1429,.F.);
#1928=ORIENTED_EDGE('',*,*,#1432,.F.);
#1929=ORIENTED_EDGE('',*,*,#1433,.T.);
#1930=ORIENTED_EDGE('',*,*,#1394,.T.);
#1931=ORIENTED_EDGE('',*,*,#1431,.F.);
#1932=ORIENTED_EDGE('',*,*,#1434,.F.);
#1933=ORIENTED_EDGE('',*,*,#1435,.T.);
#1934=ORIENTED_EDGE('',*,*,#1395,.T.);
#1935=ORIENTED_EDGE('',*,*,#1433,.F.);
#1936=ORIENTED_EDGE('',*,*,#1436,.F.);
#1937=ORIENTED_EDGE('',*,*,#1437,.T.);
#1938=ORIENTED_EDGE('',*,*,#1396,.T.);
#1939=ORIENTED_EDGE('',*,*,#1435,.F.);
#1940=ORIENTED_EDGE('',*,*,#1438,.F.);
#1941=ORIENTED_EDGE('',*,*,#1439,.T.);
#1942=ORIENTED_EDGE('',*,*,#1397,.T.);
#1943=ORIENTED_EDGE('',*,*,#1437,.F.);
#1944=ORIENTED_EDGE('',*,*,#1440,.F.);
#1945=ORIENTED_EDGE('',*,*,#1441,.T.);
#1946=ORIENTED_EDGE('',*,*,#1398,.T.);
#1947=ORIENTED_EDGE('',*,*,#1439,.F.);
#1948=ORIENTED_EDGE('',*,*,#1442,.F.);
#1949=ORIENTED_EDGE('',*,*,#1443,.T.);
#1950=ORIENTED_EDGE('',*,*,#1399,.T.);
#1951=ORIENTED_EDGE('',*,*,#1441,.F.);
#1952=ORIENTED_EDGE('',*,*,#1444,.F.);
#1953=ORIENTED_EDGE('',*,*,#1425,.T.);
#1954=ORIENTED_EDGE('',*,*,#1400,.T.);
#1955=ORIENTED_EDGE('',*,*,#1443,.F.);
#1956=ORIENTED_EDGE('',*,*,#1423,.T.);
#1957=ORIENTED_EDGE('',*,*,#1444,.T.);
#1958=ORIENTED_EDGE('',*,*,#1442,.T.);
#1959=ORIENTED_EDGE('',*,*,#1440,.T.);
#1960=ORIENTED_EDGE('',*,*,#1438,.T.);
#1961=ORIENTED_EDGE('',*,*,#1436,.T.);
#1962=ORIENTED_EDGE('',*,*,#1434,.T.);
#1963=ORIENTED_EDGE('',*,*,#1432,.T.);
#1964=ORIENTED_EDGE('',*,*,#1430,.T.);
#1965=ORIENTED_EDGE('',*,*,#1428,.T.);
#1966=ORIENTED_EDGE('',*,*,#1426,.T.);
#1967=ORIENTED_EDGE('',*,*,#1445,.F.);
#1968=ORIENTED_EDGE('',*,*,#1446,.T.);
#1969=ORIENTED_EDGE('',*,*,#1447,.F.);
#1970=ORIENTED_EDGE('',*,*,#1446,.F.);
#1971=ORIENTED_EDGE('',*,*,#1448,.F.);
#1972=ORIENTED_EDGE('',*,*,#1449,.T.);
#1973=ORIENTED_EDGE('',*,*,#1450,.F.);
#1974=ORIENTED_EDGE('',*,*,#1449,.F.);
#1975=ORIENTED_EDGE('',*,*,#1451,.F.);
#1976=ORIENTED_EDGE('',*,*,#1452,.T.);
#1977=ORIENTED_EDGE('',*,*,#1453,.F.);
#1978=ORIENTED_EDGE('',*,*,#1452,.F.);
#1979=ORIENTED_EDGE('',*,*,#1454,.F.);
#1980=ORIENTED_EDGE('',*,*,#1455,.T.);
#1981=ORIENTED_EDGE('',*,*,#1456,.F.);
#1982=ORIENTED_EDGE('',*,*,#1457,.F.);
#1983=ORIENTED_EDGE('',*,*,#1458,.F.);
#1984=ORIENTED_EDGE('',*,*,#1457,.T.);
#1985=ORIENTED_EDGE('',*,*,#1459,.F.);
#1986=ORIENTED_EDGE('',*,*,#1460,.F.);
#1987=ORIENTED_EDGE('',*,*,#1461,.F.);
#1988=ORIENTED_EDGE('',*,*,#1460,.T.);
#1989=ORIENTED_EDGE('',*,*,#1462,.F.);
#1990=ORIENTED_EDGE('',*,*,#1463,.F.);
#1991=ORIENTED_EDGE('',*,*,#1464,.F.);
#1992=ORIENTED_EDGE('',*,*,#1463,.T.);
#1993=ORIENTED_EDGE('',*,*,#1465,.F.);
#1994=ORIENTED_EDGE('',*,*,#1455,.F.);
#1995=ORIENTED_EDGE('',*,*,#1465,.T.);
#1996=ORIENTED_EDGE('',*,*,#1462,.T.);
#1997=ORIENTED_EDGE('',*,*,#1459,.T.);
#1998=ORIENTED_EDGE('',*,*,#1456,.T.);
#1999=ORIENTED_EDGE('',*,*,#1247,.T.);
#2000=ORIENTED_EDGE('',*,*,#1270,.T.);
#2001=ORIENTED_EDGE('',*,*,#1268,.T.);
#2002=ORIENTED_EDGE('',*,*,#1266,.T.);
#2003=ORIENTED_EDGE('',*,*,#1264,.T.);
#2004=ORIENTED_EDGE('',*,*,#1262,.T.);
#2005=ORIENTED_EDGE('',*,*,#1260,.T.);
#2006=ORIENTED_EDGE('',*,*,#1258,.T.);
#2007=ORIENTED_EDGE('',*,*,#1256,.T.);
#2008=ORIENTED_EDGE('',*,*,#1254,.T.);
#2009=ORIENTED_EDGE('',*,*,#1252,.T.);
#2010=ORIENTED_EDGE('',*,*,#1250,.T.);
#2011=ORIENTED_EDGE('',*,*,#1299,.T.);
#2012=ORIENTED_EDGE('',*,*,#1318,.T.);
#2013=ORIENTED_EDGE('',*,*,#1316,.T.);
#2014=ORIENTED_EDGE('',*,*,#1314,.T.);
#2015=ORIENTED_EDGE('',*,*,#1312,.T.);
#2016=ORIENTED_EDGE('',*,*,#1310,.T.);
#2017=ORIENTED_EDGE('',*,*,#1308,.T.);
#2018=ORIENTED_EDGE('',*,*,#1306,.T.);
#2019=ORIENTED_EDGE('',*,*,#1304,.T.);
#2020=ORIENTED_EDGE('',*,*,#1302,.T.);
#2021=ORIENTED_EDGE('',*,*,#1323,.T.);
#2022=ORIENTED_EDGE('',*,*,#1330,.T.);
#2023=ORIENTED_EDGE('',*,*,#1328,.T.);
#2024=ORIENTED_EDGE('',*,*,#1326,.T.);
#2025=ORIENTED_EDGE('',*,*,#1335,.T.);
#2026=ORIENTED_EDGE('',*,*,#1342,.T.);
#2027=ORIENTED_EDGE('',*,*,#1340,.T.);
#2028=ORIENTED_EDGE('',*,*,#1338,.T.);
#2029=ORIENTED_EDGE('',*,*,#1355,.T.);
#2030=ORIENTED_EDGE('',*,*,#1378,.T.);
#2031=ORIENTED_EDGE('',*,*,#1376,.T.);
#2032=ORIENTED_EDGE('',*,*,#1374,.T.);
#2033=ORIENTED_EDGE('',*,*,#1372,.T.);
#2034=ORIENTED_EDGE('',*,*,#1370,.T.);
#2035=ORIENTED_EDGE('',*,*,#1368,.T.);
#2036=ORIENTED_EDGE('',*,*,#1366,.T.);
#2037=ORIENTED_EDGE('',*,*,#1364,.T.);
#2038=ORIENTED_EDGE('',*,*,#1362,.T.);
#2039=ORIENTED_EDGE('',*,*,#1360,.T.);
#2040=ORIENTED_EDGE('',*,*,#1358,.T.);
#2041=ORIENTED_EDGE('',*,*,#1401,.T.);
#2042=ORIENTED_EDGE('',*,*,#1422,.T.);
#2043=ORIENTED_EDGE('',*,*,#1420,.T.);
#2044=ORIENTED_EDGE('',*,*,#1418,.T.);
#2045=ORIENTED_EDGE('',*,*,#1416,.T.);
#2046=ORIENTED_EDGE('',*,*,#1414,.T.);
#2047=ORIENTED_EDGE('',*,*,#1412,.T.);
#2048=ORIENTED_EDGE('',*,*,#1410,.T.);
#2049=ORIENTED_EDGE('',*,*,#1408,.T.);
#2050=ORIENTED_EDGE('',*,*,#1406,.T.);
#2051=ORIENTED_EDGE('',*,*,#1404,.T.);
#2052=ORIENTED_EDGE('',*,*,#1447,.T.);
#2053=ORIENTED_EDGE('',*,*,#1450,.T.);
#2054=ORIENTED_EDGE('',*,*,#1453,.T.);
#2055=ORIENTED_EDGE('',*,*,#1277,.T.);
#2056=ORIENTED_EDGE('',*,*,#1288,.T.);
#2057=ORIENTED_EDGE('',*,*,#1286,.T.);
#2058=ORIENTED_EDGE('',*,*,#1284,.T.);
#2059=ORIENTED_EDGE('',*,*,#1282,.T.);
#2060=ORIENTED_EDGE('',*,*,#1280,.T.);
#2061=ORIENTED_EDGE('',*,*,#1215,.T.);
#2062=ORIENTED_EDGE('',*,*,#1234,.T.);
#2063=ORIENTED_EDGE('',*,*,#1232,.T.);
#2064=ORIENTED_EDGE('',*,*,#1230,.T.);
#2065=ORIENTED_EDGE('',*,*,#1228,.T.);
#2066=ORIENTED_EDGE('',*,*,#1226,.T.);
#2067=ORIENTED_EDGE('',*,*,#1224,.T.);
#2068=ORIENTED_EDGE('',*,*,#1222,.T.);
#2069=ORIENTED_EDGE('',*,*,#1220,.T.);
#2070=ORIENTED_EDGE('',*,*,#1218,.T.);
#2071=ORIENTED_EDGE('',*,*,#1464,.T.);
#2072=ORIENTED_EDGE('',*,*,#1454,.T.);
#2073=ORIENTED_EDGE('',*,*,#1458,.T.);
#2074=ORIENTED_EDGE('',*,*,#1461,.T.);
#2075=ORIENTED_EDGE('',*,*,#1445,.T.);
#2076=ORIENTED_EDGE('',*,*,#1448,.T.);
#2077=ORIENTED_EDGE('',*,*,#1451,.T.);
#2078=TOROIDAL_SURFACE('',#2215,5.99999999999999,2.);
#2079=TOROIDAL_SURFACE('',#2222,6.,2.);
#2080=TOROIDAL_SURFACE('',#2229,6.,2.);
#2081=ADVANCED_FACE('',(#639),#2078,.F.);
#2082=ADVANCED_FACE('',(#640),#630,.T.);
#2083=ADVANCED_FACE('',(#641),#2079,.F.);
#2084=ADVANCED_FACE('',(#642),#631,.T.);
#2085=ADVANCED_FACE('',(#643),#2080,.F.);
#2086=ADVANCED_FACE('',(#644),#632,.T.);
#2087=ADVANCED_FACE('',(#645),#51,.T.);
#2088=ADVANCED_FACE('',(#646),#52,.T.);
#2089=ADVANCED_FACE('',(#647),#53,.T.);
#2090=ADVANCED_FACE('',(#648),#54,.T.);
#2091=ADVANCED_FACE('',(#649),#55,.T.);
#2092=ADVANCED_FACE('',(#650),#56,.T.);
#2093=ADVANCED_FACE('',(#651),#57,.T.);
#2094=ADVANCED_FACE('',(#652),#58,.T.);
#2095=ADVANCED_FACE('',(#653),#633,.F.);
#2096=ADVANCED_FACE('',(#654,#33),#59,.T.);
#2097=ADVANCED_FACE('',(#655),#634,.F.);
#2098=ADVANCED_FACE('',(#656,#34),#60,.T.);
#2099=ADVANCED_FACE('',(#657),#635,.F.);
#2100=ADVANCED_FACE('',(#658,#35),#61,.T.);
#2101=ADVANCED_FACE('',(#659),#62,.F.);
#2102=ADVANCED_FACE('',(#660),#63,.T.);
#2103=ADVANCED_FACE('',(#661),#64,.F.);
#2104=ADVANCED_FACE('',(#662),#65,.F.);
#2105=ADVANCED_FACE('',(#663),#66,.F.);
#2106=ADVANCED_FACE('',(#664),#67,.F.);
#2107=ADVANCED_FACE('',(#665),#68,.F.);
#2108=ADVANCED_FACE('',(#666),#69,.F.);
#2109=ADVANCED_FACE('',(#667),#70,.F.);
#2110=ADVANCED_FACE('',(#668),#71,.F.);
#2111=ADVANCED_FACE('',(#669),#72,.F.);
#2112=ADVANCED_FACE('',(#670),#73,.F.);
#2113=ADVANCED_FACE('',(#671),#74,.T.);
#2114=ADVANCED_FACE('',(#672),#75,.F.);
#2115=ADVANCED_FACE('',(#673),#76,.F.);
#2116=ADVANCED_FACE('',(#674),#77,.F.);
#2117=ADVANCED_FACE('',(#675),#78,.F.);
#2118=ADVANCED_FACE('',(#676),#79,.F.);
#2119=ADVANCED_FACE('',(#677),#80,.F.);
#2120=ADVANCED_FACE('',(#678),#81,.F.);
#2121=ADVANCED_FACE('',(#679),#82,.F.);
#2122=ADVANCED_FACE('',(#680),#83,.F.);
#2123=ADVANCED_FACE('',(#681),#84,.F.);
#2124=ADVANCED_FACE('',(#682),#85,.F.);
#2125=ADVANCED_FACE('',(#683),#86,.F.);
#2126=ADVANCED_FACE('',(#684),#87,.T.);
#2127=ADVANCED_FACE('',(#685),#88,.F.);
#2128=ADVANCED_FACE('',(#686),#89,.F.);
#2129=ADVANCED_FACE('',(#687),#90,.F.);
#2130=ADVANCED_FACE('',(#688),#91,.F.);
#2131=ADVANCED_FACE('',(#689),#92,.F.);
#2132=ADVANCED_FACE('',(#690),#93,.F.);
#2133=ADVANCED_FACE('',(#691),#94,.T.);
#2134=ADVANCED_FACE('',(#692),#95,.F.);
#2135=ADVANCED_FACE('',(#693),#96,.F.);
#2136=ADVANCED_FACE('',(#694),#97,.F.);
#2137=ADVANCED_FACE('',(#695),#98,.F.);
#2138=ADVANCED_FACE('',(#696),#99,.F.);
#2139=ADVANCED_FACE('',(#697),#100,.F.);
#2140=ADVANCED_FACE('',(#698),#101,.F.);
#2141=ADVANCED_FACE('',(#699),#102,.F.);
#2142=ADVANCED_FACE('',(#700),#103,.F.);
#2143=ADVANCED_FACE('',(#701),#104,.F.);
#2144=ADVANCED_FACE('',(#702),#105,.T.);
#2145=ADVANCED_FACE('',(#703),#106,.F.);
#2146=ADVANCED_FACE('',(#704),#107,.F.);
#2147=ADVANCED_FACE('',(#705),#108,.F.);
#2148=ADVANCED_FACE('',(#706),#109,.F.);
#2149=ADVANCED_FACE('',(#707),#110,.T.);
#2150=ADVANCED_FACE('',(#708),#111,.F.);
#2151=ADVANCED_FACE('',(#709),#112,.F.);
#2152=ADVANCED_FACE('',(#710),#113,.F.);
#2153=ADVANCED_FACE('',(#711),#114,.F.);
#2154=ADVANCED_FACE('',(#712),#115,.T.);
#2155=ADVANCED_FACE('',(#713),#116,.F.);
#2156=ADVANCED_FACE('',(#714),#117,.F.);
#2157=ADVANCED_FACE('',(#715),#118,.F.);
#2158=ADVANCED_FACE('',(#716),#119,.F.);
#2159=ADVANCED_FACE('',(#717),#120,.F.);
#2160=ADVANCED_FACE('',(#718),#121,.F.);
#2161=ADVANCED_FACE('',(#719),#122,.F.);
#2162=ADVANCED_FACE('',(#720),#123,.F.);
#2163=ADVANCED_FACE('',(#721),#124,.F.);
#2164=ADVANCED_FACE('',(#722),#125,.F.);
#2165=ADVANCED_FACE('',(#723),#126,.F.);
#2166=ADVANCED_FACE('',(#724),#127,.F.);
#2167=ADVANCED_FACE('',(#725,#36),#128,.T.);
#2168=ADVANCED_FACE('',(#726),#129,.F.);
#2169=ADVANCED_FACE('',(#727),#13,.F.);
#2170=ADVANCED_FACE('',(#728),#14,.F.);
#2171=ADVANCED_FACE('',(#729),#15,.F.);
#2172=ADVANCED_FACE('',(#730),#16,.F.);
#2173=ADVANCED_FACE('',(#731),#17,.F.);
#2174=ADVANCED_FACE('',(#732),#18,.F.);
#2175=ADVANCED_FACE('',(#733),#19,.F.);
#2176=ADVANCED_FACE('',(#734),#20,.F.);
#2177=ADVANCED_FACE('',(#735),#130,.F.);
#2178=ADVANCED_FACE('',(#736),#131,.F.);
#2179=ADVANCED_FACE('',(#737),#21,.F.);
#2180=ADVANCED_FACE('',(#738),#22,.F.);
#2181=ADVANCED_FACE('',(#739),#23,.F.);
#2182=ADVANCED_FACE('',(#740),#24,.F.);
#2183=ADVANCED_FACE('',(#741),#25,.F.);
#2184=ADVANCED_FACE('',(#742),#26,.F.);
#2185=ADVANCED_FACE('',(#743),#27,.F.);
#2186=ADVANCED_FACE('',(#744),#28,.F.);
#2187=ADVANCED_FACE('',(#745),#132,.F.);
#2188=ADVANCED_FACE('',(#746),#133,.F.);
#2189=ADVANCED_FACE('',(#747),#134,.F.);
#2190=ADVANCED_FACE('',(#748),#135,.T.);
#2191=ADVANCED_FACE('',(#749),#636,.F.);
#2192=ADVANCED_FACE('',(#750),#637,.F.);
#2193=ADVANCED_FACE('',(#751),#638,.F.);
#2194=ADVANCED_FACE('',(#752),#136,.T.);
#2195=ADVANCED_FACE('',(#753),#137,.T.);
#2196=ADVANCED_FACE('',(#754),#138,.T.);
#2197=ADVANCED_FACE('',(#755),#139,.T.);
#2198=ADVANCED_FACE('',(#756,#37,#38,#39,#40,#41,#42,#43,#44,#45,#46,#47),
#140,.T.);
#2199=ADVANCED_FACE('',(#757,#48,#49,#50),#141,.F.);
#2200=CLOSED_SHELL('',(#2081,#2082,#2083,#2084,#2085,#2086,#2087,#2088,
#2089,#2090,#2091,#2092,#2093,#2094,#2095,#2096,#2097,#2098,#2099,#2100,
#2101));
#2201=CLOSED_SHELL('',(#2102,#2103,#2104,#2105,#2106,#2107,#2108,#2109,
#2110,#2111,#2112,#2113,#2114,#2115,#2116,#2117,#2118,#2119,#2120,#2121,
#2122,#2123,#2124,#2125,#2126,#2127,#2128,#2129,#2130,#2131,#2132,#2133,
#2134,#2135,#2136,#2137,#2138,#2139,#2140,#2141,#2142,#2143,#2144,#2145,
#2146,#2147,#2148,#2149,#2150,#2151,#2152,#2153,#2154,#2155,#2156,#2157,
#2158,#2159,#2160,#2161,#2162,#2163,#2164,#2165,#2166,#2167,#2168,#2169,
#2170,#2171,#2172,#2173,#2174,#2175,#2176,#2177,#2178,#2179,#2180,#2181,
#2182,#2183,#2184,#2185,#2186,#2187,#2188,#2189,#2190,#2191,#2192,#2193,
#2194,#2195,#2196,#2197,#2198,#2199));
#2202=DERIVED_UNIT_ELEMENT(#2204,1.);
#2203=DERIVED_UNIT_ELEMENT(#3787,-3.);
#2204=(
MASS_UNIT()
NAMED_UNIT(*)
SI_UNIT(.KILO.,.GRAM.)
);
#2205=DERIVED_UNIT((#2202,#2203));
#2206=MEASURE_REPRESENTATION_ITEM('density measure',
POSITIVE_RATIO_MEASURE(992.85),#2205);
#2207=PROPERTY_DEFINITION_REPRESENTATION(#2212,#2209);
#2208=PROPERTY_DEFINITION_REPRESENTATION(#2213,#2210);
#2209=REPRESENTATION('material name',(#2211),#3784);
#2210=REPRESENTATION('density',(#2206),#3784);
#2211=DESCRIPTIVE_REPRESENTATION_ITEM(
'HP 3D HR CB PA 12 (mit 3D-Drucker HP Jet Fusion 580 Color)',
'HP 3D HR CB PA 12 (mit 3D-Drucker HP Jet Fusion 580 Color)');
#2212=PROPERTY_DEFINITION('material property','material name',#3794);
#2213=PROPERTY_DEFINITION('material property','density of part',#3794);
#2214=AXIS2_PLACEMENT_3D('',#2851,#2345,#2346);
#2215=AXIS2_PLACEMENT_3D('',#2852,#2347,#2348);
#2216=AXIS2_PLACEMENT_3D('',#2867,#2349,#2350);
#2217=AXIS2_PLACEMENT_3D('',#2869,#2351,#2352);
#2218=AXIS2_PLACEMENT_3D('',#2870,#2353,#2354);
#2219=AXIS2_PLACEMENT_3D('',#2871,#2355,#2356);
#2220=AXIS2_PLACEMENT_3D('',#2872,#2357,#2358);
#2221=AXIS2_PLACEMENT_3D('',#2874,#2359,#2360);
#2222=AXIS2_PLACEMENT_3D('',#2876,#2362,#2363);
#2223=AXIS2_PLACEMENT_3D('',#2891,#2364,#2365);
#2224=AXIS2_PLACEMENT_3D('',#2893,#2366,#2367);
#2225=AXIS2_PLACEMENT_3D('',#2894,#2368,#2369);
#2226=AXIS2_PLACEMENT_3D('',#2895,#2370,#2371);
#2227=AXIS2_PLACEMENT_3D('',#2896,#2372,#2373);
#2228=AXIS2_PLACEMENT_3D('',#2898,#2374,#2375);
#2229=AXIS2_PLACEMENT_3D('',#2900,#2377,#2378);
#2230=AXIS2_PLACEMENT_3D('',#2915,#2379,#2380);
#2231=AXIS2_PLACEMENT_3D('',#2917,#2381,#2382);
#2232=AXIS2_PLACEMENT_3D('',#2918,#2383,#2384);
#2233=AXIS2_PLACEMENT_3D('',#2919,#2385,#2386);
#2234=AXIS2_PLACEMENT_3D('',#2920,#2387,#2388);
#2235=AXIS2_PLACEMENT_3D('',#2922,#2389,#2390);
#2236=AXIS2_PLACEMENT_3D('',#2924,#2392,#2393);
#2237=AXIS2_PLACEMENT_3D('',#2926,#2394,#2395);
#2238=AXIS2_PLACEMENT_3D('',#2927,#2396,#2397);
#2239=AXIS2_PLACEMENT_3D('',#2929,#2398,#2399);
#2240=AXIS2_PLACEMENT_3D('',#2930,#2400,#2401);
#2241=AXIS2_PLACEMENT_3D('',#2932,#2402,#2403);
#2242=AXIS2_PLACEMENT_3D('',#2933,#2404,#2405);
#2243=AXIS2_PLACEMENT_3D('',#2942,#2410,#2411);
#2244=AXIS2_PLACEMENT_3D('',#2949,#2416,#2417);
#2245=AXIS2_PLACEMENT_3D('',#2956,#2422,#2423);
#2246=AXIS2_PLACEMENT_3D('',#2960,#2427,#2428);
#2247=AXIS2_PLACEMENT_3D('',#2961,#2429,#2430);
#2248=AXIS2_PLACEMENT_3D('',#2963,#2431,#2432);
#2249=AXIS2_PLACEMENT_3D('',#2965,#2434,#2435);
#2250=AXIS2_PLACEMENT_3D('',#2966,#2436,#2437);
#2251=AXIS2_PLACEMENT_3D('',#2968,#2438,#2439);
#2252=AXIS2_PLACEMENT_3D('',#2970,#2441,#2442);
#2253=AXIS2_PLACEMENT_3D('',#2971,#2443,#2444);
#2254=AXIS2_PLACEMENT_3D('',#2973,#2445,#2446);
#2255=AXIS2_PLACEMENT_3D('',#2975,#2448,#2449);
#2256=AXIS2_PLACEMENT_3D('',#2976,#2450,#2451);
#2257=AXIS2_PLACEMENT_3D('',#2977,#2452,#2453);
#2258=AXIS2_PLACEMENT_3D('',#2998,#2464,#2465);
#2259=AXIS2_PLACEMENT_3D('',#3004,#2469,#2470);
#2260=AXIS2_PLACEMENT_3D('',#3008,#2473,#2474);
#2261=AXIS2_PLACEMENT_3D('',#3012,#2477,#2478);
#2262=AXIS2_PLACEMENT_3D('',#3016,#2481,#2482);
#2263=AXIS2_PLACEMENT_3D('',#3020,#2485,#2486);
#2264=AXIS2_PLACEMENT_3D('',#3024,#2489,#2490);
#2265=AXIS2_PLACEMENT_3D('',#3028,#2493,#2494);
#2266=AXIS2_PLACEMENT_3D('',#3032,#2497,#2498);
#2267=AXIS2_PLACEMENT_3D('',#3036,#2501,#2502);
#2268=AXIS2_PLACEMENT_3D('',#3038,#2504,#2505);
#2269=AXIS2_PLACEMENT_3D('',#3063,#2518,#2519);
#2270=AXIS2_PLACEMENT_3D('',#3069,#2523,#2524);
#2271=AXIS2_PLACEMENT_3D('',#3073,#2527,#2528);
#2272=AXIS2_PLACEMENT_3D('',#3077,#2531,#2532);
#2273=AXIS2_PLACEMENT_3D('',#3081,#2535,#2536);
#2274=AXIS2_PLACEMENT_3D('',#3085,#2539,#2540);
#2275=AXIS2_PLACEMENT_3D('',#3089,#2543,#2544);
#2276=AXIS2_PLACEMENT_3D('',#3093,#2547,#2548);
#2277=AXIS2_PLACEMENT_3D('',#3097,#2551,#2552);
#2278=AXIS2_PLACEMENT_3D('',#3101,#2555,#2556);
#2279=AXIS2_PLACEMENT_3D('',#3105,#2559,#2560);
#2280=AXIS2_PLACEMENT_3D('',#3109,#2563,#2564);
#2281=AXIS2_PLACEMENT_3D('',#3111,#2566,#2567);
#2282=AXIS2_PLACEMENT_3D('',#3124,#2574,#2575);
#2283=AXIS2_PLACEMENT_3D('',#3130,#2579,#2580);
#2284=AXIS2_PLACEMENT_3D('',#3134,#2583,#2584);
#2285=AXIS2_PLACEMENT_3D('',#3138,#2587,#2588);
#2286=AXIS2_PLACEMENT_3D('',#3142,#2591,#2592);
#2287=AXIS2_PLACEMENT_3D('',#3146,#2595,#2596);
#2288=AXIS2_PLACEMENT_3D('',#3148,#2598,#2599);
#2289=AXIS2_PLACEMENT_3D('',#3169,#2610,#2611);
#2290=AXIS2_PLACEMENT_3D('',#3175,#2615,#2616);
#2291=AXIS2_PLACEMENT_3D('',#3179,#2619,#2620);
#2292=AXIS2_PLACEMENT_3D('',#3183,#2623,#2624);
#2293=AXIS2_PLACEMENT_3D('',#3187,#2627,#2628);
#2294=AXIS2_PLACEMENT_3D('',#3191,#2631,#2632);
#2295=AXIS2_PLACEMENT_3D('',#3195,#2635,#2636);
#2296=AXIS2_PLACEMENT_3D('',#3199,#2639,#2640);
#2297=AXIS2_PLACEMENT_3D('',#3203,#2643,#2644);
#2298=AXIS2_PLACEMENT_3D('',#3207,#2647,#2648);
#2299=AXIS2_PLACEMENT_3D('',#3209,#2650,#2651);
#2300=AXIS2_PLACEMENT_3D('',#3218,#2656,#2657);
#2301=AXIS2_PLACEMENT_3D('',#3224,#2661,#2662);
#2302=AXIS2_PLACEMENT_3D('',#3228,#2665,#2666);
#2303=AXIS2_PLACEMENT_3D('',#3232,#2669,#2670);
#2304=AXIS2_PLACEMENT_3D('',#3234,#2672,#2673);
#2305=AXIS2_PLACEMENT_3D('',#3243,#2678,#2679);
#2306=AXIS2_PLACEMENT_3D('',#3249,#2683,#2684);
#2307=AXIS2_PLACEMENT_3D('',#3253,#2687,#2688);
#2308=AXIS2_PLACEMENT_3D('',#3257,#2691,#2692);
#2309=AXIS2_PLACEMENT_3D('',#3259,#2694,#2695);
#2310=AXIS2_PLACEMENT_3D('',#3284,#2708,#2709);
#2311=AXIS2_PLACEMENT_3D('',#3290,#2713,#2714);
#2312=AXIS2_PLACEMENT_3D('',#3294,#2717,#2718);
#2313=AXIS2_PLACEMENT_3D('',#3298,#2721,#2722);
#2314=AXIS2_PLACEMENT_3D('',#3302,#2725,#2726);
#2315=AXIS2_PLACEMENT_3D('',#3306,#2729,#2730);
#2316=AXIS2_PLACEMENT_3D('',#3310,#2733,#2734);
#2317=AXIS2_PLACEMENT_3D('',#3314,#2737,#2738);
#2318=AXIS2_PLACEMENT_3D('',#3318,#2741,#2742);
#2319=AXIS2_PLACEMENT_3D('',#3322,#2745,#2746);
#2320=AXIS2_PLACEMENT_3D('',#3326,#2749,#2750);
#2321=AXIS2_PLACEMENT_3D('',#3330,#2753,#2754);
#2322=AXIS2_PLACEMENT_3D('',#3332,#2756,#2757);
#2323=AXIS2_PLACEMENT_3D('',#3441,#2764,#2765);
#2324=AXIS2_PLACEMENT_3D('',#3583,#2777,#2778);
#2325=AXIS2_PLACEMENT_3D('',#3587,#2781,#2782);
#2326=AXIS2_PLACEMENT_3D('',#3727,#2793,#2794);
#2327=AXIS2_PLACEMENT_3D('',#3731,#2797,#2798);
#2328=AXIS2_PLACEMENT_3D('',#3735,#2801,#2802);
#2329=AXIS2_PLACEMENT_3D('',#3737,#2804,#2805);
#2330=AXIS2_PLACEMENT_3D('',#3738,#2806,#2807);
#2331=AXIS2_PLACEMENT_3D('',#3740,#2808,#2809);
#2332=AXIS2_PLACEMENT_3D('',#3743,#2811,#2812);
#2333=AXIS2_PLACEMENT_3D('',#3744,#2813,#2814);
#2334=AXIS2_PLACEMENT_3D('',#3746,#2815,#2816);
#2335=AXIS2_PLACEMENT_3D('',#3749,#2818,#2819);
#2336=AXIS2_PLACEMENT_3D('',#3750,#2820,#2821);
#2337=AXIS2_PLACEMENT_3D('',#3752,#2822,#2823);
#2338=AXIS2_PLACEMENT_3D('',#3755,#2825,#2826);
#2339=AXIS2_PLACEMENT_3D('',#3756,#2827,#2828);
#2340=AXIS2_PLACEMENT_3D('',#3765,#2833,#2834);
#2341=AXIS2_PLACEMENT_3D('',#3771,#2838,#2839);
#2342=AXIS2_PLACEMENT_3D('',#3777,#2843,#2844);
#2343=AXIS2_PLACEMENT_3D('',#3780,#2847,#2848);
#2344=AXIS2_PLACEMENT_3D('',#3781,#2849,#2850);
#2345=DIRECTION('axis',(0.,0.,1.));
#2346=DIRECTION('refdir',(1.,0.,0.));
#2347=DIRECTION('center_axis',(0.,0.,1.));
#2348=DIRECTION('ref_axis',(1.,0.,0.));
#2349=DIRECTION('center_axis',(0.,0.,1.));
#2350=DIRECTION('ref_axis',(1.,0.,0.));
#2351=DIRECTION('center_axis',(1.38777878078145E-16,-1.,0.));
#2352=DIRECTION('ref_axis',(-1.,-1.38777878078145E-16,0.));
#2353=DIRECTION('center_axis',(0.,0.,-1.));
#2354=DIRECTION('ref_axis',(1.,0.,0.));
#2355=DIRECTION('center_axis',(0.,0.,1.));
#2356=DIRECTION('ref_axis',(1.,0.,0.));
#2357=DIRECTION('center_axis',(0.,0.,1.));
#2358=DIRECTION('ref_axis',(1.,0.,0.));
#2359=DIRECTION('center_axis',(0.,0.,1.));
#2360=DIRECTION('ref_axis',(1.,0.,0.));
#2361=DIRECTION('',(0.,0.,-1.));
#2362=DIRECTION('center_axis',(0.,0.,1.));
#2363=DIRECTION('ref_axis',(1.,0.,0.));
#2364=DIRECTION('center_axis',(0.,0.,1.));
#2365=DIRECTION('ref_axis',(1.,0.,0.));
#2366=DIRECTION('center_axis',(1.38777878078145E-16,-1.,0.));
#2367=DIRECTION('ref_axis',(-1.,-1.38777878078145E-16,0.));
#2368=DIRECTION('center_axis',(0.,0.,-1.));
#2369=DIRECTION('ref_axis',(1.,0.,0.));
#2370=DIRECTION('center_axis',(0.,0.,1.));
#2371=DIRECTION('ref_axis',(1.,0.,0.));
#2372=DIRECTION('center_axis',(0.,0.,1.));
#2373=DIRECTION('ref_axis',(1.,0.,0.));
#2374=DIRECTION('center_axis',(0.,0.,1.));
#2375=DIRECTION('ref_axis',(1.,0.,0.));
#2376=DIRECTION('',(0.,0.,-1.));
#2377=DIRECTION('center_axis',(0.,0.,1.));
#2378=DIRECTION('ref_axis',(1.,0.,0.));
#2379=DIRECTION('center_axis',(0.,0.,1.));
#2380=DIRECTION('ref_axis',(1.,0.,0.));
#2381=DIRECTION('center_axis',(0.,-1.,0.));
#2382=DIRECTION('ref_axis',(-1.,0.,0.));
#2383=DIRECTION('center_axis',(0.,0.,-1.));
#2384=DIRECTION('ref_axis',(1.,0.,0.));
#2385=DIRECTION('center_axis',(0.,0.,1.));
#2386=DIRECTION('ref_axis',(1.,0.,0.));
#2387=DIRECTION('center_axis',(0.,0.,1.));
#2388=DIRECTION('ref_axis',(1.,0.,0.));
#2389=DIRECTION('center_axis',(0.,0.,1.));
#2390=DIRECTION('ref_axis',(1.,0.,0.));
#2391=DIRECTION('',(0.,0.,-1.));
#2392=DIRECTION('center_axis',(0.,0.,1.));
#2393=DIRECTION('ref_axis',(1.,0.,0.));
#2394=DIRECTION('center_axis',(0.,0.,-1.));
#2395=DIRECTION('ref_axis',(1.,0.,0.));
#2396=DIRECTION('center_axis',(0.,0.,1.));
#2397=DIRECTION('ref_axis',(1.,0.,0.));
#2398=DIRECTION('center_axis',(0.,0.,-1.));
#2399=DIRECTION('ref_axis',(1.,0.,0.));
#2400=DIRECTION('center_axis',(0.,0.,1.));
#2401=DIRECTION('ref_axis',(1.,0.,0.));
#2402=DIRECTION('center_axis',(0.,0.,-1.));
#2403=DIRECTION('ref_axis',(1.,0.,0.));
#2404=DIRECTION('center_axis',(-1.,0.,0.));
#2405=DIRECTION('ref_axis',(0.,-1.,0.));
#2406=DIRECTION('',(0.,1.,0.));
#2407=DIRECTION('',(0.,0.,1.));
#2408=DIRECTION('',(0.,-1.,0.));
#2409=DIRECTION('',(0.,0.,1.));
#2410=DIRECTION('center_axis',(0.,1.,0.));
#2411=DIRECTION('ref_axis',(-1.,0.,0.));
#2412=DIRECTION('',(1.,0.,0.));
#2413=DIRECTION('',(-1.,0.,0.));
#2414=DIRECTION('',(-1.,0.,0.));
#2415=DIRECTION('',(0.,0.,1.));
#2416=DIRECTION('center_axis',(1.,0.,0.));
#2417=DIRECTION('ref_axis',(0.,1.,0.));
#2418=DIRECTION('',(0.,-1.,0.));
#2419=DIRECTION('',(0.,1.,0.));
#2420=DIRECTION('',(0.,1.,0.));
#2421=DIRECTION('',(0.,0.,1.));
#2422=DIRECTION('center_axis',(0.,-1.,0.));
#2423=DIRECTION('ref_axis',(1.,0.,0.));
#2424=DIRECTION('',(-1.,0.,0.));
#2425=DIRECTION('',(1.,0.,0.));
#2426=DIRECTION('',(1.,0.,0.));
#2427=DIRECTION('center_axis',(0.,0.,1.));
#2428=DIRECTION('ref_axis',(1.,0.,0.));
#2429=DIRECTION('center_axis',(0.,0.,1.));
#2430=DIRECTION('ref_axis',(1.,0.,0.));
#2431=DIRECTION('center_axis',(0.,0.,-1.));
#2432=DIRECTION('ref_axis',(1.,0.,0.));
#2433=DIRECTION('',(0.,0.,-1.));
#2434=DIRECTION('center_axis',(0.,0.,1.));
#2435=DIRECTION('ref_axis',(1.,0.,0.));
#2436=DIRECTION('center_axis',(0.,0.,1.));
#2437=DIRECTION('ref_axis',(1.,0.,0.));
#2438=DIRECTION('center_axis',(0.,0.,-1.));
#2439=DIRECTION('ref_axis',(1.,0.,0.));
#2440=DIRECTION('',(0.,0.,-1.));
#2441=DIRECTION('center_axis',(0.,0.,1.));
#2442=DIRECTION('ref_axis',(1.,0.,0.));
#2443=DIRECTION('center_axis',(0.,0.,1.));
#2444=DIRECTION('ref_axis',(1.,0.,0.));
#2445=DIRECTION('center_axis',(0.,0.,-1.));
#2446=DIRECTION('ref_axis',(1.,0.,0.));
#2447=DIRECTION('',(0.,0.,-1.));
#2448=DIRECTION('center_axis',(0.,0.,1.));
#2449=DIRECTION('ref_axis',(1.,0.,0.));
#2450=DIRECTION('center_axis',(0.,0.,1.));
#2451=DIRECTION('ref_axis',(1.,0.,0.));
#2452=DIRECTION('center_axis',(0.,0.,1.));
#2453=DIRECTION('ref_axis',(1.,0.,0.));
#2454=DIRECTION('',(0.,-1.,0.));
#2455=DIRECTION('',(-0.525833712757619,0.850587389118565,0.));
#2456=DIRECTION('',(-1.,0.,0.));
#2457=DIRECTION('',(0.,-1.,0.));
#2458=DIRECTION('',(1.,0.,0.));
#2459=DIRECTION('',(0.,1.,0.));
#2460=DIRECTION('',(0.522541588560683,-0.852613797814976,0.));
#2461=DIRECTION('',(1.,0.,0.));
#2462=DIRECTION('',(0.,1.,0.));
#2463=DIRECTION('',(-1.,0.,0.));
#2464=DIRECTION('center_axis',(-1.,0.,0.));
#2465=DIRECTION('ref_axis',(0.,0.,1.));
#2466=DIRECTION('',(0.,-1.,0.));
#2467=DIRECTION('',(0.,0.,1.));
#2468=DIRECTION('',(0.,0.,1.));
#2469=DIRECTION('center_axis',(0.850587389118565,0.525833712757619,0.));
#2470=DIRECTION('ref_axis',(0.,0.,-1.));
#2471=DIRECTION('',(-0.525833712757619,0.850587389118565,0.));
#2472=DIRECTION('',(0.,0.,1.));
#2473=DIRECTION('center_axis',(0.,1.,0.));
#2474=DIRECTION('ref_axis',(0.,0.,1.));
#2475=DIRECTION('',(-1.,0.,0.));
#2476=DIRECTION('',(0.,0.,1.));
#2477=DIRECTION('center_axis',(-1.,0.,0.));
#2478=DIRECTION('ref_axis',(0.,0.,1.));
#2479=DIRECTION('',(0.,-1.,0.));
#2480=DIRECTION('',(0.,0.,1.));
#2481=DIRECTION('center_axis',(0.,-1.,0.));
#2482=DIRECTION('ref_axis',(0.,0.,-1.));
#2483=DIRECTION('',(1.,0.,0.));
#2484=DIRECTION('',(0.,0.,1.));
#2485=DIRECTION('center_axis',(1.,0.,0.));
#2486=DIRECTION('ref_axis',(0.,0.,-1.));
#2487=DIRECTION('',(0.,1.,0.));
#2488=DIRECTION('',(0.,0.,1.));
#2489=DIRECTION('center_axis',(-0.852613797814976,-0.522541588560684,0.));
#2490=DIRECTION('ref_axis',(0.,0.,1.));
#2491=DIRECTION('',(0.522541588560683,-0.852613797814976,0.));
#2492=DIRECTION('',(0.,0.,1.));
#2493=DIRECTION('center_axis',(0.,-1.,0.));
#2494=DIRECTION('ref_axis',(0.,0.,-1.));
#2495=DIRECTION('',(1.,0.,0.));
#2496=DIRECTION('',(0.,0.,1.));
#2497=DIRECTION('center_axis',(1.,0.,0.));
#2498=DIRECTION('ref_axis',(0.,0.,-1.));
#2499=DIRECTION('',(0.,1.,0.));
#2500=DIRECTION('',(0.,0.,1.));
#2501=DIRECTION('center_axis',(0.,1.,0.));
#2502=DIRECTION('ref_axis',(0.,0.,1.));
#2503=DIRECTION('',(-1.,0.,0.));
#2504=DIRECTION('center_axis',(0.,0.,1.));
#2505=DIRECTION('ref_axis',(1.,0.,0.));
#2506=DIRECTION('',(-0.540841668616795,-0.841124419742883,0.));
#2507=DIRECTION('',(-0.53966596185858,0.841879236952221,0.));
#2508=DIRECTION('',(-1.,0.,0.));
#2509=DIRECTION('',(0.553424993394687,-0.832899019501218,0.));
#2510=DIRECTION('',(-0.539322474088937,-0.842099322492654,0.));
#2511=DIRECTION('',(1.,0.,0.));
#2512=DIRECTION('',(0.521670029875308,0.853147337761711,0.));
#2513=DIRECTION('',(0.52951308529873,-0.848301769712535,0.));
#2514=DIRECTION('',(1.,0.,0.));
#2515=DIRECTION('',(-0.543598924363768,0.839345107468051,0.));
#2516=DIRECTION('',(0.547867947417025,0.836564828446102,0.));
#2517=DIRECTION('',(-1.,0.,0.));
#2518=DIRECTION('center_axis',(-0.841124419742883,0.540841668616795,0.));
#2519=DIRECTION('ref_axis',(0.,0.,1.));
#2520=DIRECTION('',(-0.540841668616795,-0.841124419742883,0.));
#2521=DIRECTION('',(0.,0.,1.));
#2522=DIRECTION('',(0.,0.,1.));
#2523=DIRECTION('center_axis',(0.841879236952221,0.53966596185858,0.));
#2524=DIRECTION('ref_axis',(0.,0.,-1.));
#2525=DIRECTION('',(-0.53966596185858,0.841879236952221,0.));
#2526=DIRECTION('',(0.,0.,1.));
#2527=DIRECTION('center_axis',(0.,1.,0.));
#2528=DIRECTION('ref_axis',(0.,0.,1.));
#2529=DIRECTION('',(-1.,0.,0.));
#2530=DIRECTION('',(0.,0.,1.));
#2531=DIRECTION('center_axis',(-0.832899019501219,-0.553424993394687,0.));
#2532=DIRECTION('ref_axis',(0.,0.,1.));
#2533=DIRECTION('',(0.553424993394687,-0.832899019501218,0.));
#2534=DIRECTION('',(0.,0.,1.));
#2535=DIRECTION('center_axis',(-0.842099322492655,0.539322474088937,0.));
#2536=DIRECTION('ref_axis',(0.,0.,1.));
#2537=DIRECTION('',(-0.539322474088937,-0.842099322492654,0.));
#2538=DIRECTION('',(0.,0.,1.));
#2539=DIRECTION('center_axis',(0.,-1.,0.));
#2540=DIRECTION('ref_axis',(0.,0.,-1.));
#2541=DIRECTION('',(1.,0.,0.));
#2542=DIRECTION('',(0.,0.,1.));
#2543=DIRECTION('center_axis',(0.853147337761711,-0.521670029875308,0.));
#2544=DIRECTION('ref_axis',(0.,0.,-1.));
#2545=DIRECTION('',(0.521670029875308,0.853147337761711,0.));
#2546=DIRECTION('',(0.,0.,1.));
#2547=DIRECTION('center_axis',(-0.848301769712535,-0.529513085298731,0.));
#2548=DIRECTION('ref_axis',(0.,0.,1.));
#2549=DIRECTION('',(0.52951308529873,-0.848301769712535,0.));
#2550=DIRECTION('',(0.,0.,1.));
#2551=DIRECTION('center_axis',(0.,-1.,0.));
#2552=DIRECTION('ref_axis',(0.,0.,-1.));
#2553=DIRECTION('',(1.,0.,0.));
#2554=DIRECTION('',(0.,0.,1.));
#2555=DIRECTION('center_axis',(0.839345107468051,0.543598924363768,0.));
#2556=DIRECTION('ref_axis',(0.,0.,-1.));
#2557=DIRECTION('',(-0.543598924363768,0.839345107468051,0.));
#2558=DIRECTION('',(0.,0.,1.));
#2559=DIRECTION('center_axis',(0.836564828446102,-0.547867947417025,0.));
#2560=DIRECTION('ref_axis',(0.,0.,-1.));
#2561=DIRECTION('',(0.547867947417025,0.836564828446102,0.));
#2562=DIRECTION('',(0.,0.,1.));
#2563=DIRECTION('center_axis',(0.,1.,0.));
#2564=DIRECTION('ref_axis',(0.,0.,1.));
#2565=DIRECTION('',(-1.,0.,0.));
#2566=DIRECTION('center_axis',(0.,0.,1.));
#2567=DIRECTION('ref_axis',(1.,0.,0.));
#2568=DIRECTION('',(0.,-1.,0.));
#2569=DIRECTION('',(1.,0.,0.));
#2570=DIRECTION('',(0.,-1.,0.));
#2571=DIRECTION('',(1.,0.,0.));
#2572=DIRECTION('',(0.,1.,0.));
#2573=DIRECTION('',(-1.,0.,0.));
#2574=DIRECTION('center_axis',(-1.,0.,0.));
#2575=DIRECTION('ref_axis',(0.,0.,1.));
#2576=DIRECTION('',(0.,-1.,0.));
#2577=DIRECTION('',(0.,0.,1.));
#2578=DIRECTION('',(0.,0.,1.));
#2579=DIRECTION('center_axis',(0.,-1.,0.));
#2580=DIRECTION('ref_axis',(0.,0.,-1.));
#2581=DIRECTION('',(1.,0.,0.));
#2582=DIRECTION('',(0.,0.,1.));
#2583=DIRECTION('center_axis',(-1.,0.,0.));
#2584=DIRECTION('ref_axis',(0.,0.,1.));
#2585=DIRECTION('',(0.,-1.,0.));
#2586=DIRECTION('',(0.,0.,1.));
#2587=DIRECTION('center_axis',(0.,-1.,0.));
#2588=DIRECTION('ref_axis',(0.,0.,-1.));
#2589=DIRECTION('',(1.,0.,0.));
#2590=DIRECTION('',(0.,0.,1.));
#2591=DIRECTION('center_axis',(1.,0.,0.));
#2592=DIRECTION('ref_axis',(0.,0.,-1.));
#2593=DIRECTION('',(0.,1.,0.));
#2594=DIRECTION('',(0.,0.,1.));
#2595=DIRECTION('center_axis',(0.,1.,0.));
#2596=DIRECTION('ref_axis',(0.,0.,1.));
#2597=DIRECTION('',(-1.,0.,0.));
#2598=DIRECTION('center_axis',(0.,0.,1.));
#2599=DIRECTION('ref_axis',(1.,0.,0.));
#2600=DIRECTION('',(0.,-1.,0.));
#2601=DIRECTION('',(-0.525833429211587,0.850587564406854,0.));
#2602=DIRECTION('',(-1.,0.,0.));
#2603=DIRECTION('',(0.,-1.,0.));
#2604=DIRECTION('',(1.,0.,0.));
#2605=DIRECTION('',(0.,1.,0.));
#2606=DIRECTION('',(0.522541727994728,-0.85261371235999,0.));
#2607=DIRECTION('',(1.,0.,0.));
#2608=DIRECTION('',(0.,1.,0.));
#2609=DIRECTION('',(-1.,0.,0.));
#2610=DIRECTION('center_axis',(-1.,0.,0.));
#2611=DIRECTION('ref_axis',(0.,0.,1.));
#2612=DIRECTION('',(0.,-1.,0.));
#2613=DIRECTION('',(0.,0.,1.));
#2614=DIRECTION('',(0.,0.,1.));
#2615=DIRECTION('center_axis',(0.850587564406854,0.525833429211587,0.));
#2616=DIRECTION('ref_axis',(0.,0.,-1.));
#2617=DIRECTION('',(-0.525833429211587,0.850587564406854,0.));
#2618=DIRECTION('',(0.,0.,1.));
#2619=DIRECTION('center_axis',(0.,1.,0.));
#2620=DIRECTION('ref_axis',(0.,0.,1.));
#2621=DIRECTION('',(-1.,0.,0.));
#2622=DIRECTION('',(0.,0.,1.));
#2623=DIRECTION('center_axis',(-1.,0.,0.));
#2624=DIRECTION('ref_axis',(0.,0.,1.));
#2625=DIRECTION('',(0.,-1.,0.));
#2626=DIRECTION('',(0.,0.,1.));
#2627=DIRECTION('center_axis',(0.,-1.,0.));
#2628=DIRECTION('ref_axis',(0.,0.,-1.));
#2629=DIRECTION('',(1.,0.,0.));
#2630=DIRECTION('',(0.,0.,1.));
#2631=DIRECTION('center_axis',(1.,0.,0.));
#2632=DIRECTION('ref_axis',(0.,0.,-1.));
#2633=DIRECTION('',(0.,1.,0.));
#2634=DIRECTION('',(0.,0.,1.));
#2635=DIRECTION('center_axis',(-0.85261371235999,-0.522541727994728,0.));
#2636=DIRECTION('ref_axis',(0.,0.,1.));
#2637=DIRECTION('',(0.522541727994728,-0.85261371235999,0.));
#2638=DIRECTION('',(0.,0.,1.));
#2639=DIRECTION('center_axis',(0.,-1.,0.));
#2640=DIRECTION('ref_axis',(0.,0.,-1.));
#2641=DIRECTION('',(1.,0.,0.));
#2642=DIRECTION('',(0.,0.,1.));
#2643=DIRECTION('center_axis',(1.,0.,0.));
#2644=DIRECTION('ref_axis',(0.,0.,-1.));
#2645=DIRECTION('',(0.,1.,0.));
#2646=DIRECTION('',(0.,0.,1.));
#2647=DIRECTION('center_axis',(0.,1.,0.));
#2648=DIRECTION('ref_axis',(0.,0.,1.));
#2649=DIRECTION('',(-1.,0.,0.));
#2650=DIRECTION('center_axis',(0.,0.,1.));
#2651=DIRECTION('ref_axis',(1.,0.,0.));
#2652=DIRECTION('',(0.,-1.,0.));
#2653=DIRECTION('',(1.,0.,0.));
#2654=DIRECTION('',(0.,1.,0.));
#2655=DIRECTION('',(-1.,0.,0.));
#2656=DIRECTION('center_axis',(-1.,0.,0.));
#2657=DIRECTION('ref_axis',(0.,0.,1.));
#2658=DIRECTION('',(0.,-1.,0.));
#2659=DIRECTION('',(0.,0.,1.));
#2660=DIRECTION('',(0.,0.,1.));
#2661=DIRECTION('center_axis',(0.,-1.,0.));
#2662=DIRECTION('ref_axis',(0.,0.,-1.));
#2663=DIRECTION('',(1.,0.,0.));
#2664=DIRECTION('',(0.,0.,1.));
#2665=DIRECTION('center_axis',(1.,0.,0.));
#2666=DIRECTION('ref_axis',(0.,0.,-1.));
#2667=DIRECTION('',(0.,1.,0.));
#2668=DIRECTION('',(0.,0.,1.));
#2669=DIRECTION('center_axis',(0.,1.,0.));
#2670=DIRECTION('ref_axis',(0.,0.,1.));
#2671=DIRECTION('',(-1.,0.,0.));
#2672=DIRECTION('center_axis',(0.,0.,1.));
#2673=DIRECTION('ref_axis',(1.,0.,0.));
#2674=DIRECTION('',(0.,-1.,0.));
#2675=DIRECTION('',(1.,0.,0.));
#2676=DIRECTION('',(0.,1.,0.));
#2677=DIRECTION('',(-1.,0.,0.));
#2678=DIRECTION('center_axis',(-1.,0.,0.));
#2679=DIRECTION('ref_axis',(0.,0.,1.));
#2680=DIRECTION('',(0.,-1.,0.));
#2681=DIRECTION('',(0.,0.,1.));
#2682=DIRECTION('',(0.,0.,1.));
#2683=DIRECTION('center_axis',(0.,-1.,0.));
#2684=DIRECTION('ref_axis',(0.,0.,-1.));
#2685=DIRECTION('',(1.,0.,0.));
#2686=DIRECTION('',(0.,0.,1.));
#2687=DIRECTION('center_axis',(1.,0.,0.));
#2688=DIRECTION('ref_axis',(0.,0.,-1.));
#2689=DIRECTION('',(0.,1.,0.));
#2690=DIRECTION('',(0.,0.,1.));
#2691=DIRECTION('center_axis',(0.,1.,0.));
#2692=DIRECTION('ref_axis',(0.,0.,1.));
#2693=DIRECTION('',(-1.,0.,0.));
#2694=DIRECTION('center_axis',(0.,0.,1.));
#2695=DIRECTION('ref_axis',(1.,0.,0.));
#2696=DIRECTION('',(0.,-1.,0.));
#2697=DIRECTION('',(-0.699781011860756,-0.714357428350217,0.));
#2698=DIRECTION('',(-0.505429562371404,0.862867867915506,0.));
#2699=DIRECTION('',(-1.,0.,0.));
#2700=DIRECTION('',(0.545152709520839,-0.838336760080392,0.));
#2701=DIRECTION('',(-0.695044058427887,-0.71896714587253,0.));
#2702=DIRECTION('',(1.,0.,0.));
#2703=DIRECTION('',(0.67649286857278,0.736449182747983,0.));
#2704=DIRECTION('',(0.,-1.,0.));
#2705=DIRECTION('',(1.,0.,0.));
#2706=DIRECTION('',(0.,1.,0.));
#2707=DIRECTION('',(-1.,0.,0.));
#2708=DIRECTION('center_axis',(-1.,0.,0.));
#2709=DIRECTION('ref_axis',(0.,0.,1.));
#2710=DIRECTION('',(0.,-1.,0.));
#2711=DIRECTION('',(0.,0.,1.));
#2712=DIRECTION('',(0.,0.,1.));
#2713=DIRECTION('center_axis',(-0.714357428350217,0.699781011860756,0.));
#2714=DIRECTION('ref_axis',(0.,0.,1.));
#2715=DIRECTION('',(-0.699781011860756,-0.714357428350217,0.));
#2716=DIRECTION('',(0.,0.,1.));
#2717=DIRECTION('center_axis',(0.862867867915506,0.505429562371404,0.));
#2718=DIRECTION('ref_axis',(0.,0.,-1.));
#2719=DIRECTION('',(-0.505429562371404,0.862867867915506,0.));
#2720=DIRECTION('',(0.,0.,1.));
#2721=DIRECTION('center_axis',(0.,1.,0.));
#2722=DIRECTION('ref_axis',(0.,0.,1.));
#2723=DIRECTION('',(-1.,0.,0.));
#2724=DIRECTION('',(0.,0.,1.));
#2725=DIRECTION('center_axis',(-0.838336760080392,-0.545152709520839,0.));
#2726=DIRECTION('ref_axis',(0.,0.,1.));
#2727=DIRECTION('',(0.545152709520839,-0.838336760080392,0.));
#2728=DIRECTION('',(0.,0.,1.));
#2729=DIRECTION('center_axis',(-0.71896714587253,0.695044058427887,0.));
#2730=DIRECTION('ref_axis',(0.,0.,1.));
#2731=DIRECTION('',(-0.695044058427887,-0.71896714587253,0.));
#2732=DIRECTION('',(0.,0.,1.));
#2733=DIRECTION('center_axis',(0.,-1.,0.));
#2734=DIRECTION('ref_axis',(0.,0.,-1.));
#2735=DIRECTION('',(1.,0.,0.));
#2736=DIRECTION('',(0.,0.,1.));
#2737=DIRECTION('center_axis',(0.736449182747983,-0.67649286857278,0.));
#2738=DIRECTION('ref_axis',(0.,0.,-1.));
#2739=DIRECTION('',(0.67649286857278,0.736449182747983,0.));
#2740=DIRECTION('',(0.,0.,1.));
#2741=DIRECTION('center_axis',(-1.,0.,0.));
#2742=DIRECTION('ref_axis',(0.,0.,1.));
#2743=DIRECTION('',(0.,-1.,0.));
#2744=DIRECTION('',(0.,0.,1.));
#2745=DIRECTION('center_axis',(0.,-1.,0.));
#2746=DIRECTION('ref_axis',(0.,0.,-1.));
#2747=DIRECTION('',(1.,0.,0.));
#2748=DIRECTION('',(0.,0.,1.));
#2749=DIRECTION('center_axis',(1.,0.,0.));
#2750=DIRECTION('ref_axis',(0.,0.,-1.));
#2751=DIRECTION('',(0.,1.,0.));
#2752=DIRECTION('',(0.,0.,1.));
#2753=DIRECTION('center_axis',(0.,1.,0.));
#2754=DIRECTION('ref_axis',(0.,0.,1.));
#2755=DIRECTION('',(-1.,0.,0.));
#2756=DIRECTION('center_axis',(0.,0.,1.));
#2757=DIRECTION('ref_axis',(1.,0.,0.));
#2758=DIRECTION('',(-1.,0.,0.));
#2759=DIRECTION('',(1.,0.,0.));
#2760=DIRECTION('',(0.,1.,0.));
#2761=DIRECTION('',(1.,0.,0.));
#2762=DIRECTION('',(0.,-1.,0.));
#2763=DIRECTION('',(-1.,0.,0.));
#2764=DIRECTION('center_axis',(0.,1.,0.));
#2765=DIRECTION('ref_axis',(0.,0.,1.));
#2766=DIRECTION('',(-1.,0.,0.));
#2767=DIRECTION('',(0.,0.,1.));
#2768=DIRECTION('',(0.,0.,1.));
#2769=DIRECTION('',(0.,0.,1.));
#2770=DIRECTION('',(0.,0.,1.));
#2771=DIRECTION('',(0.,0.,1.));
#2772=DIRECTION('',(0.,0.,1.));
#2773=DIRECTION('',(0.,0.,1.));
#2774=DIRECTION('',(0.,0.,1.));
#2775=DIRECTION('',(0.,0.,1.));
#2776=DIRECTION('',(0.,0.,1.));
#2777=DIRECTION('center_axis',(0.,-1.,0.));
#2778=DIRECTION('ref_axis',(0.,0.,-1.));
#2779=DIRECTION('',(1.,0.,0.));
#2780=DIRECTION('',(0.,0.,1.));
#2781=DIRECTION('center_axis',(1.,0.,0.));
#2782=DIRECTION('ref_axis',(0.,0.,-1.));
#2783=DIRECTION('',(0.,1.,0.));
#2784=DIRECTION('',(0.,0.,1.));
#2785=DIRECTION('',(0.,0.,1.));
#2786=DIRECTION('',(0.,0.,1.));
#2787=DIRECTION('',(0.,0.,1.));
#2788=DIRECTION('',(0.,0.,1.));
#2789=DIRECTION('',(0.,0.,1.));
#2790=DIRECTION('',(0.,0.,1.));
#2791=DIRECTION('',(0.,0.,1.));
#2792=DIRECTION('',(0.,0.,1.));
#2793=DIRECTION('center_axis',(0.,-1.,0.));
#2794=DIRECTION('ref_axis',(0.,0.,-1.));
#2795=DIRECTION('',(1.,0.,0.));
#2796=DIRECTION('',(0.,0.,1.));
#2797=DIRECTION('center_axis',(-1.,0.,0.));
#2798=DIRECTION('ref_axis',(0.,0.,1.));
#2799=DIRECTION('',(0.,-1.,0.));
#2800=DIRECTION('',(0.,0.,1.));
#2801=DIRECTION('center_axis',(0.,1.,0.));
#2802=DIRECTION('ref_axis',(0.,0.,1.));
#2803=DIRECTION('',(-1.,0.,0.));
#2804=DIRECTION('center_axis',(0.,0.,1.));
#2805=DIRECTION('ref_axis',(1.,0.,0.));
#2806=DIRECTION('center_axis',(0.,0.,1.));
#2807=DIRECTION('ref_axis',(1.,0.,0.));
#2808=DIRECTION('center_axis',(0.,0.,1.));
#2809=DIRECTION('ref_axis',(1.,0.,0.));
#2810=DIRECTION('',(0.,0.,1.));
#2811=DIRECTION('center_axis',(0.,0.,-1.));
#2812=DIRECTION('ref_axis',(1.,0.,0.));
#2813=DIRECTION('center_axis',(0.,0.,1.));
#2814=DIRECTION('ref_axis',(1.,0.,0.));
#2815=DIRECTION('center_axis',(0.,0.,1.));
#2816=DIRECTION('ref_axis',(1.,0.,0.));
#2817=DIRECTION('',(0.,0.,1.));
#2818=DIRECTION('center_axis',(0.,0.,-1.));
#2819=DIRECTION('ref_axis',(1.,0.,0.));
#2820=DIRECTION('center_axis',(0.,0.,1.));
#2821=DIRECTION('ref_axis',(1.,0.,0.));
#2822=DIRECTION('center_axis',(0.,0.,1.));
#2823=DIRECTION('ref_axis',(1.,0.,0.));
#2824=DIRECTION('',(0.,0.,1.));
#2825=DIRECTION('center_axis',(0.,0.,-1.));
#2826=DIRECTION('ref_axis',(1.,0.,0.));
#2827=DIRECTION('center_axis',(1.,0.,0.));
#2828=DIRECTION('ref_axis',(0.,1.,0.));
#2829=DIRECTION('',(0.,-1.,0.));
#2830=DIRECTION('',(0.,0.,1.));
#2831=DIRECTION('',(0.,1.,0.));
#2832=DIRECTION('',(0.,0.,1.));
#2833=DIRECTION('center_axis',(0.,-1.,0.));
#2834=DIRECTION('ref_axis',(1.,0.,0.));
#2835=DIRECTION('',(-1.,0.,0.));
#2836=DIRECTION('',(1.,0.,0.));
#2837=DIRECTION('',(0.,0.,1.));
#2838=DIRECTION('center_axis',(-1.,0.,0.));
#2839=DIRECTION('ref_axis',(0.,-1.,0.));
#2840=DIRECTION('',(0.,1.,0.));
#2841=DIRECTION('',(0.,-1.,0.));
#2842=DIRECTION('',(0.,0.,1.));
#2843=DIRECTION('center_axis',(0.,1.,0.));
#2844=DIRECTION('ref_axis',(-1.,0.,0.));
#2845=DIRECTION('',(1.,0.,0.));
#2846=DIRECTION('',(-1.,0.,0.));
#2847=DIRECTION('center_axis',(0.,0.,1.));
#2848=DIRECTION('ref_axis',(1.,0.,0.));
#2849=DIRECTION('center_axis',(0.,0.,1.));
#2850=DIRECTION('ref_axis',(1.,0.,0.));
#2851=CARTESIAN_POINT('',(0.,0.,0.));
#2852=CARTESIAN_POINT('Origin',(52.4999988265336,3.4999999217689,5.));
#2853=CARTESIAN_POINT('',(57.0000008493662,7.46862459468799,3.));
#2854=CARTESIAN_POINT('',(57.0000008493662,-0.468624751150186,3.));
#2855=CARTESIAN_POINT('Ctrl Pts',(57.0000008493662,-0.468624751150186,3.));
#2856=CARTESIAN_POINT('Ctrl Pts',(57.0000008493662,-0.0231410099316575,
3.));
#2857=CARTESIAN_POINT('Ctrl Pts',(57.0000008493662,0.5054075414872,3.08007951365181));
#2858=CARTESIAN_POINT('Ctrl Pts',(57.0000008493662,1.74328025369031,3.35637310392076));
#2859=CARTESIAN_POINT('Ctrl Pts',(57.0000008493662,2.6771512934404,3.67712205079462));
#2860=CARTESIAN_POINT('Ctrl Pts',(57.0000008493662,3.4999999217689,3.67712205079462));
#2861=CARTESIAN_POINT('Ctrl Pts',(57.0000008493662,4.32284855009741,3.67712205079462));
#2862=CARTESIAN_POINT('Ctrl Pts',(57.0000008493662,5.2567195898475,3.35637310392076));
#2863=CARTESIAN_POINT('Ctrl Pts',(57.0000008493662,6.49459230205061,3.08007951365181));
#2864=CARTESIAN_POINT('Ctrl Pts',(57.0000008493662,7.02314085346947,3.));
#2865=CARTESIAN_POINT('Ctrl Pts',(57.0000008493662,7.46862459468799,3.));
#2866=CARTESIAN_POINT('',(46.4999988265336,3.4999999217689,3.));
#2867=CARTESIAN_POINT('Origin',(52.4999988265336,3.4999999217689,3.));
#2868=CARTESIAN_POINT('',(48.4999988265336,3.4999999217689,5.));
#2869=CARTESIAN_POINT('Origin',(46.4999988265336,3.4999999217689,5.));
#2870=CARTESIAN_POINT('Origin',(52.4999988265336,3.4999999217689,5.));
#2871=CARTESIAN_POINT('Origin',(52.4999988265336,3.4999999217689,3.));
#2872=CARTESIAN_POINT('Origin',(52.4999988265336,3.4999999217689,0.));
#2873=CARTESIAN_POINT('',(48.4999988265336,3.4999999217689,9.));
#2874=CARTESIAN_POINT('Origin',(52.4999988265336,3.4999999217689,9.));
#2875=CARTESIAN_POINT('',(48.4999988265336,3.4999999217689,0.));
#2876=CARTESIAN_POINT('Origin',(7.49999983236194,-8.49999981001019,5.));
#2877=CARTESIAN_POINT('',(11.4686263638783,-13.0000001937151,3.));
#2878=CARTESIAN_POINT('',(3.53137330084555,-13.0000001937151,3.));
#2879=CARTESIAN_POINT('Ctrl Pts',(3.53137330084555,-13.0000001937151,3.));
#2880=CARTESIAN_POINT('Ctrl Pts',(3.97685746168648,-13.0000001937151,3.));
#2881=CARTESIAN_POINT('Ctrl Pts',(4.50540648847174,-13.0000001937151,3.0800797375805));
#2882=CARTESIAN_POINT('Ctrl Pts',(5.74327978580746,-13.0000001937151,3.35637403967058));
#2883=CARTESIAN_POINT('Ctrl Pts',(6.67715089751221,-13.0000001937151,3.67712390938737));
#2884=CARTESIAN_POINT('Ctrl Pts',(7.49999983236194,-13.0000001937151,3.67712390938737));
#2885=CARTESIAN_POINT('Ctrl Pts',(8.32284876721167,-13.0000001937151,3.67712390938737));
#2886=CARTESIAN_POINT('Ctrl Pts',(9.25671987891642,-13.0000001937151,3.35637403967058));
#2887=CARTESIAN_POINT('Ctrl Pts',(10.4945931762521,-13.0000001937151,3.0800797375805));
#2888=CARTESIAN_POINT('Ctrl Pts',(11.0231422030374,-13.0000001937151,3.));
#2889=CARTESIAN_POINT('Ctrl Pts',(11.4686263638783,-13.0000001937151,3.));
#2890=CARTESIAN_POINT('',(1.49999983236194,-8.4999998100102,3.));
#2891=CARTESIAN_POINT('Origin',(7.49999983236194,-8.49999981001019,3.));
#2892=CARTESIAN_POINT('',(3.49999983236194,-8.49999981001019,5.));
#2893=CARTESIAN_POINT('Origin',(1.49999983236194,-8.4999998100102,5.));
#2894=CARTESIAN_POINT('Origin',(7.49999983236194,-8.49999981001019,5.));
#2895=CARTESIAN_POINT('Origin',(7.49999983236194,-8.49999981001019,3.));
#2896=CARTESIAN_POINT('Origin',(7.49999983236194,-8.49999981001019,0.));
#2897=CARTESIAN_POINT('',(3.49999983236194,-8.49999981001019,9.));
#2898=CARTESIAN_POINT('Origin',(7.49999983236194,-8.49999981001019,9.));
#2899=CARTESIAN_POINT('',(3.49999983236194,-8.49999981001019,0.));
#2900=CARTESIAN_POINT('Origin',(7.49999983236194,15.499999653548,5.));
#2901=CARTESIAN_POINT('',(3.53137359653139,20.0000002980232,3.));
#2902=CARTESIAN_POINT('',(11.4686260681925,20.0000002980232,3.));
#2903=CARTESIAN_POINT('Ctrl Pts',(11.4686260681925,20.0000002980232,3.));
#2904=CARTESIAN_POINT('Ctrl Pts',(11.0231419741097,20.0000002980232,3.));
#2905=CARTESIAN_POINT('Ctrl Pts',(10.494593022951,20.0000002980232,3.08007970195544));
#2906=CARTESIAN_POINT('Ctrl Pts',(9.25671981870451,20.0000002980232,3.35637389080114));
#2907=CARTESIAN_POINT('Ctrl Pts',(8.32284871844695,20.0000002980232,3.67712361370185));
#2908=CARTESIAN_POINT('Ctrl Pts',(7.49999983236194,20.0000002980232,3.67712361370185));
#2909=CARTESIAN_POINT('Ctrl Pts',(6.67715094627692,20.0000002980232,3.67712361370185));
#2910=CARTESIAN_POINT('Ctrl Pts',(5.74327984601936,20.0000002980232,3.35637389080114));
#2911=CARTESIAN_POINT('Ctrl Pts',(4.5054066417729,20.0000002980232,3.08007970195544));
#2912=CARTESIAN_POINT('Ctrl Pts',(3.97685769061416,20.0000002980232,3.));
#2913=CARTESIAN_POINT('Ctrl Pts',(3.53137359653139,20.0000002980232,3.));
#2914=CARTESIAN_POINT('',(1.49999983236194,15.499999653548,3.));
#2915=CARTESIAN_POINT('Origin',(7.49999983236194,15.499999653548,3.));
#2916=CARTESIAN_POINT('',(3.49999983236194,15.499999653548,5.));
#2917=CARTESIAN_POINT('Origin',(1.49999983236194,15.499999653548,5.));
#2918=CARTESIAN_POINT('Origin',(7.49999983236194,15.499999653548,5.));
#2919=CARTESIAN_POINT('Origin',(7.49999983236194,15.499999653548,3.));
#2920=CARTESIAN_POINT('Origin',(7.49999983236194,15.499999653548,0.));
#2921=CARTESIAN_POINT('',(3.49999983236194,15.499999653548,9.));
#2922=CARTESIAN_POINT('Origin',(7.49999983236194,15.499999653548,9.));
#2923=CARTESIAN_POINT('',(3.49999983236194,15.499999653548,0.));
#2924=CARTESIAN_POINT('Origin',(22.0000003278255,3.50000005215406,3.));
#2925=CARTESIAN_POINT('',(50.6249988265336,3.4999999217689,3.));
#2926=CARTESIAN_POINT('Origin',(52.4999988265336,3.4999999217689,3.));
#2927=CARTESIAN_POINT('Origin',(22.0000003278255,3.50000005215406,3.));
#2928=CARTESIAN_POINT('',(5.62499983236194,15.499999653548,3.));
#2929=CARTESIAN_POINT('Origin',(7.49999983236194,15.499999653548,3.));
#2930=CARTESIAN_POINT('Origin',(22.0000003278255,3.50000005215406,3.));
#2931=CARTESIAN_POINT('',(5.62499983236194,-8.49999981001019,3.));
#2932=CARTESIAN_POINT('Origin',(7.49999983236194,-8.49999981001019,3.));
#2933=CARTESIAN_POINT('Origin',(-13.0000001937151,20.0000002980232,0.));
#2934=CARTESIAN_POINT('',(-13.0000001937151,-13.0000001937151,0.));
#2935=CARTESIAN_POINT('',(-13.0000001937151,20.0000002980232,0.));
#2936=CARTESIAN_POINT('',(-13.0000001937151,-13.0000001937151,0.));
#2937=CARTESIAN_POINT('',(-13.0000001937151,-13.0000001937151,3.));
#2938=CARTESIAN_POINT('',(-13.0000001937151,-13.0000001937151,0.));
#2939=CARTESIAN_POINT('',(-13.0000001937151,20.0000002980232,3.));
#2940=CARTESIAN_POINT('',(-13.0000001937151,-13.0000001937151,3.));
#2941=CARTESIAN_POINT('',(-13.0000001937151,20.0000002980232,0.));
#2942=CARTESIAN_POINT('Origin',(57.0000008493662,20.0000002980232,0.));
#2943=CARTESIAN_POINT('',(57.0000008493662,20.0000002980232,0.));
#2944=CARTESIAN_POINT('',(-13.0000001937151,20.0000002980232,0.));
#2945=CARTESIAN_POINT('',(-13.0000001937151,20.0000002980232,3.));
#2946=CARTESIAN_POINT('',(57.0000008493662,20.0000002980232,3.));
#2947=CARTESIAN_POINT('',(-13.0000001937151,20.0000002980232,3.));
#2948=CARTESIAN_POINT('',(57.0000008493662,20.0000002980232,0.));
#2949=CARTESIAN_POINT('Origin',(57.0000008493662,-13.0000001937151,0.));
#2950=CARTESIAN_POINT('',(57.0000008493662,-13.0000001937151,0.));
#2951=CARTESIAN_POINT('',(57.0000008493662,20.0000002980232,0.));
#2952=CARTESIAN_POINT('',(57.0000008493662,20.0000002980232,3.));
#2953=CARTESIAN_POINT('',(57.0000008493662,-13.0000001937151,3.));
#2954=CARTESIAN_POINT('',(57.0000008493662,20.0000002980232,3.));
#2955=CARTESIAN_POINT('',(57.0000008493662,-13.0000001937151,0.));
#2956=CARTESIAN_POINT('Origin',(-13.0000001937151,-13.0000001937151,0.));
#2957=CARTESIAN_POINT('',(57.0000008493662,-13.0000001937151,0.));
#2958=CARTESIAN_POINT('',(57.0000008493662,-13.0000001937151,3.));
#2959=CARTESIAN_POINT('',(57.0000008493662,-13.0000001937151,3.));
#2960=CARTESIAN_POINT('Origin',(22.0000003278255,3.50000005215406,3.));
#2961=CARTESIAN_POINT('Origin',(52.4999988265336,3.4999999217689,0.));
#2962=CARTESIAN_POINT('',(50.6249988265336,3.4999999217689,9.));
#2963=CARTESIAN_POINT('Origin',(52.4999988265336,3.4999999217689,9.));
#2964=CARTESIAN_POINT('',(50.6249988265336,3.4999999217689,0.));
#2965=CARTESIAN_POINT('Origin',(52.4999988265336,3.4999999217689,9.));
#2966=CARTESIAN_POINT('Origin',(7.49999983236194,15.499999653548,0.));
#2967=CARTESIAN_POINT('',(5.62499983236194,15.499999653548,9.));
#2968=CARTESIAN_POINT('Origin',(7.49999983236194,15.499999653548,9.));
#2969=CARTESIAN_POINT('',(5.62499983236194,15.499999653548,0.));
#2970=CARTESIAN_POINT('Origin',(7.49999983236194,15.499999653548,9.));
#2971=CARTESIAN_POINT('Origin',(7.49999983236194,-8.49999981001019,0.));
#2972=CARTESIAN_POINT('',(5.62499983236194,-8.49999981001019,9.));
#2973=CARTESIAN_POINT('Origin',(7.49999983236194,-8.49999981001019,9.));
#2974=CARTESIAN_POINT('',(5.62499983236194,-8.49999981001019,0.));
#2975=CARTESIAN_POINT('Origin',(7.49999983236194,-8.49999981001019,9.));
#2976=CARTESIAN_POINT('Origin',(7.49999983236194,-8.49999981001019,0.));
#2977=CARTESIAN_POINT('Origin',(-77.9999996721745,3.50000005215406,5.));
#2978=CARTESIAN_POINT('',(-100.262516215444,4.67456191778183,5.));
#2979=CARTESIAN_POINT('',(-100.262516215444,-0.49999862909317,5.));
#2980=CARTESIAN_POINT('',(-100.262516215444,4.67456191778183,5.));
#2981=CARTESIAN_POINT('',(-97.0635993033648,-0.49999862909317,5.));
#2982=CARTESIAN_POINT('',(-97.0635993033648,-0.49999862909317,5.));
#2983=CARTESIAN_POINT('',(-95.456021502614,-0.499998629093171,5.));
#2984=CARTESIAN_POINT('',(-95.456021502614,-0.49999862909317,5.));
#2985=CARTESIAN_POINT('',(-95.456021502614,7.43504852056503,5.));
#2986=CARTESIAN_POINT('',(-95.456021502614,7.43504852056503,5.));
#2987=CARTESIAN_POINT('',(-96.9445187598467,7.43504852056503,5.));
#2988=CARTESIAN_POINT('',(-96.9445187598467,7.43504852056503,5.));
#2989=CARTESIAN_POINT('',(-96.9445187598467,2.13599532842636,5.));
#2990=CARTESIAN_POINT('',(-96.9445187598467,2.13599532842636,5.));
#2991=CARTESIAN_POINT('',(-100.1921505481,7.43504852056503,5.));
#2992=CARTESIAN_POINT('',(-100.1921505481,7.43504852056503,5.));
#2993=CARTESIAN_POINT('',(-101.751014664769,7.43504852056503,5.));
#2994=CARTESIAN_POINT('',(-101.751014664769,7.43504852056503,5.));
#2995=CARTESIAN_POINT('',(-101.751014664769,-0.49999862909317,5.));
#2996=CARTESIAN_POINT('',(-101.751014664769,-0.49999862909317,5.));
#2997=CARTESIAN_POINT('',(-100.262516215444,-0.49999862909317,5.));
#2998=CARTESIAN_POINT('Origin',(-100.262516215444,2.08728164434433,3.));
#2999=CARTESIAN_POINT('',(-100.262516215444,4.67456191778183,3.));
#3000=CARTESIAN_POINT('',(-100.262516215444,-0.49999862909317,3.));
#3001=CARTESIAN_POINT('',(-100.262516215444,2.7936408482492,3.));
#3002=CARTESIAN_POINT('',(-100.262516215444,4.67456191778183,3.));
#3003=CARTESIAN_POINT('',(-100.262516215444,-0.49999862909317,3.));
#3004=CARTESIAN_POINT('Origin',(-98.6630577594042,2.08728164434433,3.));
#3005=CARTESIAN_POINT('',(-97.0635993033648,-0.49999862909317,3.));
#3006=CARTESIAN_POINT('',(-96.1223102143842,-2.02262566721695,3.));
#3007=CARTESIAN_POINT('',(-97.0635993033648,-0.49999862909317,3.));
#3008=CARTESIAN_POINT('Origin',(-96.2598104029894,-0.49999862909317,3.));
#3009=CARTESIAN_POINT('',(-95.456021502614,-0.499998629093171,3.));
#3010=CARTESIAN_POINT('',(-87.1299050375819,-0.49999862909317,3.));
#3011=CARTESIAN_POINT('',(-95.456021502614,-0.499998629093171,3.));
#3012=CARTESIAN_POINT('Origin',(-95.456021502614,3.46752494573593,3.));
#3013=CARTESIAN_POINT('',(-95.456021502614,7.43504852056503,3.));
#3014=CARTESIAN_POINT('',(-95.456021502614,3.483762498945,3.));
#3015=CARTESIAN_POINT('',(-95.456021502614,7.43504852056503,3.));
#3016=CARTESIAN_POINT('Origin',(-96.2002701312304,7.43504852056503,3.));
#3017=CARTESIAN_POINT('',(-96.9445187598467,7.43504852056503,3.));
#3018=CARTESIAN_POINT('',(-87.1001349017024,7.43504852056503,3.));
#3019=CARTESIAN_POINT('',(-96.9445187598467,7.43504852056503,3.));
#3020=CARTESIAN_POINT('Origin',(-96.9445187598467,4.7855219244957,3.));
#3021=CARTESIAN_POINT('',(-96.9445187598467,2.13599532842636,3.));
#3022=CARTESIAN_POINT('',(-96.9445187598467,4.14276098832488,3.));
#3023=CARTESIAN_POINT('',(-96.9445187598467,2.13599532842636,3.));
#3024=CARTESIAN_POINT('Origin',(-98.5683346539736,4.7855219244957,3.));
#3025=CARTESIAN_POINT('',(-100.1921505481,7.43504852056503,3.));
#3026=CARTESIAN_POINT('',(-95.4738788676821,-0.263599060090056,3.));
#3027=CARTESIAN_POINT('',(-100.1921505481,7.43504852056503,3.));
#3028=CARTESIAN_POINT('Origin',(-100.971582606435,7.43504852056503,3.));
#3029=CARTESIAN_POINT('',(-101.751014664769,7.43504852056503,3.));
#3030=CARTESIAN_POINT('',(-89.4857911393046,7.43504852056503,3.));
#3031=CARTESIAN_POINT('',(-101.751014664769,7.43504852056503,3.));
#3032=CARTESIAN_POINT('Origin',(-101.751014664769,3.46752494573593,3.));
#3033=CARTESIAN_POINT('',(-101.751014664769,-0.49999862909317,3.));
#3034=CARTESIAN_POINT('',(-101.751014664769,3.483762498945,3.));
#3035=CARTESIAN_POINT('',(-101.751014664769,-0.49999862909317,3.));
#3036=CARTESIAN_POINT('Origin',(-101.006765440106,-0.49999862909317,3.));
#3037=CARTESIAN_POINT('',(-89.5033825561404,-0.49999862909317,3.));
#3038=CARTESIAN_POINT('Origin',(-77.9999996721745,3.50000005215406,5.));
#3039=CARTESIAN_POINT('',(-82.8660339862108,2.24425047636032,5.));
#3040=CARTESIAN_POINT('',(-84.6305818110704,-0.49999862909317,5.));
#3041=CARTESIAN_POINT('',(-82.8660339862108,2.24425047636032,5.));
#3042=CARTESIAN_POINT('',(-81.1069006472826,-0.49999862909317,5.));
#3043=CARTESIAN_POINT('',(-81.1069006472826,-0.49999862909317,5.));
#3044=CARTESIAN_POINT('',(-79.1745609790087,-0.499998629093172,5.));
#3045=CARTESIAN_POINT('',(-79.1745609790087,-0.49999862909317,5.));
#3046=CARTESIAN_POINT('',(-81.8863338977098,3.5811921954155,5.));
#3047=CARTESIAN_POINT('',(-81.8863338977098,3.58119219541549,5.));
#3048=CARTESIAN_POINT('',(-79.4181317836046,7.43504852056503,5.));
#3049=CARTESIAN_POINT('',(-79.4181317836046,7.43504852056503,5.));
#3050=CARTESIAN_POINT('',(-81.2746948748827,7.43504852056503,5.));
#3051=CARTESIAN_POINT('',(-81.2746948748827,7.43504852056503,5.));
#3052=CARTESIAN_POINT('',(-82.8335589915514,4.88565772771835,5.));
#3053=CARTESIAN_POINT('',(-82.8335589915514,4.88565772771835,5.));
#3054=CARTESIAN_POINT('',(-84.4248981028795,7.43504852056503,5.));
#3055=CARTESIAN_POINT('',(-84.4248981028795,7.43504852056503,5.));
#3056=CARTESIAN_POINT('',(-86.2976998835802,7.43504852056503,5.));
#3057=CARTESIAN_POINT('',(-86.2976998835802,7.43504852056503,5.));
#3058=CARTESIAN_POINT('',(-83.840324357152,3.64073246717453,5.));
#3059=CARTESIAN_POINT('',(-83.840324357152,3.64073246717453,5.));
#3060=CARTESIAN_POINT('',(-86.5520972758532,-0.49999862909317,5.));
#3061=CARTESIAN_POINT('',(-86.5520972758532,-0.49999862909317,5.));
#3062=CARTESIAN_POINT('',(-84.6305818110704,-0.49999862909317,5.));
#3063=CARTESIAN_POINT('Origin',(-83.7483078986406,0.872125923633574,3.));
#3064=CARTESIAN_POINT('',(-82.8660339862108,2.24425047636032,3.));
#3065=CARTESIAN_POINT('',(-84.6305818110704,-0.49999862909317,3.));
#3066=CARTESIAN_POINT('',(-82.3098600544518,3.10921984313152,3.));
#3067=CARTESIAN_POINT('',(-82.8660339862108,2.24425047636032,3.));
#3068=CARTESIAN_POINT('',(-84.6305818110704,-0.49999862909317,3.));
#3069=CARTESIAN_POINT('Origin',(-81.9864673167467,0.872125923633575,3.));
#3070=CARTESIAN_POINT('',(-81.1069006472826,-0.49999862909317,3.));
#3071=CARTESIAN_POINT('',(-82.0029249079387,0.897799776153468,3.));
#3072=CARTESIAN_POINT('',(-81.1069006472826,-0.49999862909317,3.));
#3073=CARTESIAN_POINT('Origin',(-80.1407308131456,-0.49999862909317,3.));
#3074=CARTESIAN_POINT('',(-79.1745609790087,-0.499998629093172,3.));
#3075=CARTESIAN_POINT('',(-79.07036524266,-0.49999862909317,3.));
#3076=CARTESIAN_POINT('',(-79.1745609790087,-0.499998629093172,3.));
#3077=CARTESIAN_POINT('Origin',(-80.5304474383593,1.54059678316116,3.));
#3078=CARTESIAN_POINT('',(-81.8863338977098,3.5811921954155,3.));
#3079=CARTESIAN_POINT('',(-80.5945263110822,1.63703483872193,3.));
#3080=CARTESIAN_POINT('',(-81.8863338977098,3.5811921954155,3.));
#3081=CARTESIAN_POINT('Origin',(-80.6522328406572,5.50812035799026,3.));
#3082=CARTESIAN_POINT('',(-79.4181317836046,7.43504852056503,3.));
#3083=CARTESIAN_POINT('',(-80.7225140541954,5.39838311330296,3.));
#3084=CARTESIAN_POINT('',(-79.4181317836046,7.43504852056503,3.));
#3085=CARTESIAN_POINT('Origin',(-80.3464133292437,7.43504852056503,3.));
#3086=CARTESIAN_POINT('',(-81.2746948748827,7.43504852056503,3.));
#3087=CARTESIAN_POINT('',(-79.1732065007091,7.43504852056503,3.));
#3088=CARTESIAN_POINT('',(-81.2746948748827,7.43504852056503,3.));
#3089=CARTESIAN_POINT('Origin',(-82.054126933217,6.16035312414169,3.));
#3090=CARTESIAN_POINT('',(-82.8335589915514,4.88565772771835,3.));
#3091=CARTESIAN_POINT('',(-82.0944928345521,6.09433809684831,3.));
#3092=CARTESIAN_POINT('',(-82.8335589915514,4.88565772771835,3.));
#3093=CARTESIAN_POINT('Origin',(-83.6292285472155,6.16035312414169,3.));
#3094=CARTESIAN_POINT('',(-84.4248981028795,7.43504852056503,3.));
#3095=CARTESIAN_POINT('',(-82.2425575323652,3.93884905074764,3.));
#3096=CARTESIAN_POINT('',(-84.4248981028795,7.43504852056503,3.));
#3097=CARTESIAN_POINT('Origin',(-85.3612989932299,7.43504852056503,3.));
#3098=CARTESIAN_POINT('',(-86.2976998835802,7.43504852056503,3.));
#3099=CARTESIAN_POINT('',(-81.6806493327022,7.43504852056503,3.));
#3100=CARTESIAN_POINT('',(-86.2976998835802,7.43504852056503,3.));
#3101=CARTESIAN_POINT('Origin',(-85.0690121203661,5.53789049386978,3.));
#3102=CARTESIAN_POINT('',(-83.840324357152,3.64073246717453,3.));
#3103=CARTESIAN_POINT('',(-83.5596550928557,3.2073644760965,3.));
#3104=CARTESIAN_POINT('',(-83.840324357152,3.64073246717453,3.));
#3105=CARTESIAN_POINT('Origin',(-85.1962108165026,1.57036691904068,3.));
#3106=CARTESIAN_POINT('',(-86.5520972758532,-0.49999862909317,3.));
#3107=CARTESIAN_POINT('',(-83.674004474516,3.89469396417493,3.));
#3108=CARTESIAN_POINT('',(-86.5520972758532,-0.49999862909317,3.));
#3109=CARTESIAN_POINT('Origin',(-85.5913395434618,-0.49999862909317,3.));
#3110=CARTESIAN_POINT('',(-81.7956696078181,-0.49999862909317,3.));
#3111=CARTESIAN_POINT('Origin',(-77.9999996721745,3.50000005215406,5.));
#3112=CARTESIAN_POINT('',(-69.6319336444139,0.836943089962006,5.));
#3113=CARTESIAN_POINT('',(-69.6319336444139,-0.49999862909317,5.));
#3114=CARTESIAN_POINT('',(-69.6319336444139,0.836943089962006,5.));
#3115=CARTESIAN_POINT('',(-73.6156982928514,0.836943089962005,5.));
#3116=CARTESIAN_POINT('',(-73.6156982928514,0.836943089962006,5.));
#3117=CARTESIAN_POINT('',(-73.6156982928514,7.37009614706039,5.));
#3118=CARTESIAN_POINT('',(-73.6156982928514,7.37009614706039,5.));
#3119=CARTESIAN_POINT('',(-75.2178616076708,7.37009614706039,5.));
#3120=CARTESIAN_POINT('',(-75.2178616076708,7.37009614706039,5.));
#3121=CARTESIAN_POINT('',(-75.2178616076708,-0.49999862909317,5.));
#3122=CARTESIAN_POINT('',(-75.2178616076708,-0.49999862909317,5.));
#3123=CARTESIAN_POINT('',(-69.6319336444139,-0.49999862909317,5.));
#3124=CARTESIAN_POINT('Origin',(-69.6319336444139,0.168472230434418,3.));
#3125=CARTESIAN_POINT('',(-69.6319336444139,0.836943089962006,3.));
#3126=CARTESIAN_POINT('',(-69.6319336444139,-0.49999862909317,3.));
#3127=CARTESIAN_POINT('',(-69.6319336444139,1.83423614129424,3.));
#3128=CARTESIAN_POINT('',(-69.6319336444139,0.836943089962006,3.));
#3129=CARTESIAN_POINT('',(-69.6319336444139,-0.49999862909317,3.));
#3130=CARTESIAN_POINT('Origin',(-71.6238159686327,0.836943089962006,3.));
#3131=CARTESIAN_POINT('',(-73.6156982928514,0.836943089962005,3.));
#3132=CARTESIAN_POINT('',(-74.8119078204036,0.836943089962006,3.));
#3133=CARTESIAN_POINT('',(-73.6156982928514,0.836943089962005,3.));
#3134=CARTESIAN_POINT('Origin',(-73.6156982928514,4.1035196185112,3.));
#3135=CARTESIAN_POINT('',(-73.6156982928514,7.37009614706039,3.));
#3136=CARTESIAN_POINT('',(-73.6156982928514,3.80175983533263,3.));
#3137=CARTESIAN_POINT('',(-73.6156982928514,7.37009614706039,3.));
#3138=CARTESIAN_POINT('Origin',(-74.4167799502611,7.37009614706039,3.));
#3139=CARTESIAN_POINT('',(-75.2178616076708,7.37009614706039,3.));
#3140=CARTESIAN_POINT('',(-76.2083898112178,7.37009614706039,3.));
#3141=CARTESIAN_POINT('',(-75.2178616076708,7.37009614706039,3.));
#3142=CARTESIAN_POINT('Origin',(-75.2178616076708,3.43504875898361,3.));
#3143=CARTESIAN_POINT('',(-75.2178616076708,-0.49999862909317,3.));
#3144=CARTESIAN_POINT('',(-75.2178616076708,3.46752440556884,3.));
#3145=CARTESIAN_POINT('',(-75.2178616076708,-0.49999862909317,3.));
#3146=CARTESIAN_POINT('Origin',(-72.4248976260424,-0.49999862909317,3.));
#3147=CARTESIAN_POINT('',(-75.2124486491084,-0.49999862909317,3.));
#3148=CARTESIAN_POINT('Origin',(-77.9999996721745,3.50000005215406,5.));
#3149=CARTESIAN_POINT('',(-64.5006746798754,4.67456191778183,5.));
#3150=CARTESIAN_POINT('',(-64.5006746798754,-0.49999862909317,5.));
#3151=CARTESIAN_POINT('',(-64.5006746798754,4.67456191778183,5.));
#3152=CARTESIAN_POINT('',(-61.3017601519823,-0.49999862909317,5.));
#3153=CARTESIAN_POINT('',(-61.3017601519823,-0.49999862909317,5.));
#3154=CARTESIAN_POINT('',(-59.6941799670458,-0.499998629093171,5.));
#3155=CARTESIAN_POINT('',(-59.6941799670458,-0.49999862909317,5.));
#3156=CARTESIAN_POINT('',(-59.6941799670458,7.43504852056503,5.));
#3157=CARTESIAN_POINT('',(-59.6941799670458,7.43504852056503,5.));
#3158=CARTESIAN_POINT('',(-61.1826796084642,7.43504852056503,5.));
#3159=CARTESIAN_POINT('',(-61.1826796084642,7.43504852056503,5.));
#3160=CARTESIAN_POINT('',(-61.1826796084642,2.13599532842636,5.));
#3161=CARTESIAN_POINT('',(-61.1826796084642,2.13599532842636,5.));
#3162=CARTESIAN_POINT('',(-64.4303125888109,7.43504852056503,5.));
#3163=CARTESIAN_POINT('',(-64.4303125888109,7.43504852056503,5.));
#3164=CARTESIAN_POINT('',(-65.9891743212938,7.43504852056503,5.));
#3165=CARTESIAN_POINT('',(-65.9891743212938,7.43504852056503,5.));
#3166=CARTESIAN_POINT('',(-65.9891743212938,-0.49999862909317,5.));
#3167=CARTESIAN_POINT('',(-65.9891743212938,-0.49999862909317,5.));
#3168=CARTESIAN_POINT('',(-64.5006746798754,-0.49999862909317,5.));
#3169=CARTESIAN_POINT('Origin',(-64.5006746798754,2.08728164434433,3.));
#3170=CARTESIAN_POINT('',(-64.5006746798754,4.67456191778183,3.));
#3171=CARTESIAN_POINT('',(-64.5006746798754,-0.49999862909317,3.));
#3172=CARTESIAN_POINT('',(-64.5006746798754,2.7936408482492,3.));
#3173=CARTESIAN_POINT('',(-64.5006746798754,4.67456191778183,3.));
#3174=CARTESIAN_POINT('',(-64.5006746798754,-0.49999862909317,3.));
#3175=CARTESIAN_POINT('Origin',(-62.9012174159288,2.08728164434433,3.));
#3176=CARTESIAN_POINT('',(-61.3017601519823,-0.49999862909317,3.));
#3177=CARTESIAN_POINT('',(-65.3045614942362,5.97492832565969,3.));
#3178=CARTESIAN_POINT('',(-61.3017601519823,-0.49999862909317,3.));
#3179=CARTESIAN_POINT('Origin',(-60.497970059514,-0.49999862909317,3.));
#3180=CARTESIAN_POINT('',(-59.6941799670458,-0.499998629093171,3.));
#3181=CARTESIAN_POINT('',(-69.2489848658442,-0.49999862909317,3.));
#3182=CARTESIAN_POINT('',(-59.6941799670458,-0.499998629093171,3.));
#3183=CARTESIAN_POINT('Origin',(-59.6941799670458,3.46752494573593,3.));
#3184=CARTESIAN_POINT('',(-59.6941799670458,7.43504852056503,3.));
#3185=CARTESIAN_POINT('',(-59.6941799670458,3.483762498945,3.));
#3186=CARTESIAN_POINT('',(-59.6941799670458,7.43504852056503,3.));
#3187=CARTESIAN_POINT('Origin',(-60.438429787755,7.43504852056503,3.));
#3188=CARTESIAN_POINT('',(-61.1826796084642,7.43504852056503,3.));
#3189=CARTESIAN_POINT('',(-69.2192147299647,7.43504852056503,3.));
#3190=CARTESIAN_POINT('',(-61.1826796084642,7.43504852056503,3.));
#3191=CARTESIAN_POINT('Origin',(-61.1826796084642,4.7855219244957,3.));
#3192=CARTESIAN_POINT('',(-61.1826796084642,2.13599532842636,3.));
#3193=CARTESIAN_POINT('',(-61.1826796084642,4.14276098832488,3.));
#3194=CARTESIAN_POINT('',(-61.1826796084642,2.13599532842636,3.));
#3195=CARTESIAN_POINT('Origin',(-62.8064960986376,4.7855219244957,3.));
#3196=CARTESIAN_POINT('',(-64.4303125888109,7.43504852056503,3.));
#3197=CARTESIAN_POINT('',(-64.594421226683,7.70281904963529,3.));
#3198=CARTESIAN_POINT('',(-64.4303125888109,7.43504852056503,3.));
#3199=CARTESIAN_POINT('Origin',(-65.2097434550524,7.43504852056503,3.));
#3200=CARTESIAN_POINT('',(-65.9891743212938,7.43504852056503,3.));
#3201=CARTESIAN_POINT('',(-71.6048715636134,7.43504852056503,3.));
#3202=CARTESIAN_POINT('',(-65.9891743212938,7.43504852056503,3.));
#3203=CARTESIAN_POINT('Origin',(-65.9891743212938,3.46752494573593,3.));
#3204=CARTESIAN_POINT('',(-65.9891743212938,-0.49999862909317,3.));
#3205=CARTESIAN_POINT('',(-65.9891743212938,3.483762498945,3.));
#3206=CARTESIAN_POINT('',(-65.9891743212938,-0.49999862909317,3.));
#3207=CARTESIAN_POINT('Origin',(-65.2449245005846,-0.49999862909317,3.));
#3208=CARTESIAN_POINT('',(-71.6224620863795,-0.49999862909317,3.));
#3209=CARTESIAN_POINT('Origin',(-77.9999996721745,3.50000005215406,5.));
#3210=CARTESIAN_POINT('',(-103.299052193761,7.43504852056503,5.));
#3211=CARTESIAN_POINT('',(-103.299052193761,-0.49999862909317,5.));
#3212=CARTESIAN_POINT('',(-103.299052193761,7.43504852056503,5.));
#3213=CARTESIAN_POINT('',(-104.90121729672,7.43504852056503,5.));
#3214=CARTESIAN_POINT('',(-104.90121729672,7.43504852056503,5.));
#3215=CARTESIAN_POINT('',(-104.90121729672,-0.49999862909317,5.));
#3216=CARTESIAN_POINT('',(-104.90121729672,-0.49999862909317,5.));
#3217=CARTESIAN_POINT('',(-103.299052193761,-0.49999862909317,5.));
#3218=CARTESIAN_POINT('Origin',(-103.299052193761,3.46752494573593,3.));
#3219=CARTESIAN_POINT('',(-103.299052193761,7.43504852056503,3.));
#3220=CARTESIAN_POINT('',(-103.299052193761,-0.49999862909317,3.));
#3221=CARTESIAN_POINT('',(-103.299052193761,3.483762498945,3.));
#3222=CARTESIAN_POINT('',(-103.299052193761,7.43504852056503,3.));
#3223=CARTESIAN_POINT('',(-103.299052193761,-0.49999862909317,3.));
#3224=CARTESIAN_POINT('Origin',(-104.10013474524,7.43504852056503,3.));
#3225=CARTESIAN_POINT('',(-104.90121729672,7.43504852056503,3.));
#3226=CARTESIAN_POINT('',(-91.0500672087073,7.43504852056503,3.));
#3227=CARTESIAN_POINT('',(-104.90121729672,7.43504852056503,3.));
#3228=CARTESIAN_POINT('Origin',(-104.90121729672,3.46752494573593,3.));
#3229=CARTESIAN_POINT('',(-104.90121729672,-0.49999862909317,3.));
#3230=CARTESIAN_POINT('',(-104.90121729672,3.483762498945,3.));
#3231=CARTESIAN_POINT('',(-104.90121729672,-0.49999862909317,3.));
#3232=CARTESIAN_POINT('Origin',(-104.10013474524,-0.49999862909317,3.));
#3233=CARTESIAN_POINT('',(-91.0500672087073,-0.49999862909317,3.));
#3234=CARTESIAN_POINT('Origin',(-77.9999996721745,3.50000005215406,5.));
#3235=CARTESIAN_POINT('',(-67.5372118502855,7.43504852056503,5.));
#3236=CARTESIAN_POINT('',(-67.5372118502855,-0.49999862909317,5.));
#3237=CARTESIAN_POINT('',(-67.5372118502855,7.43504852056503,5.));
#3238=CARTESIAN_POINT('',(-69.1393799334764,7.43504852056503,5.));
#3239=CARTESIAN_POINT('',(-69.1393799334764,7.43504852056503,5.));
#3240=CARTESIAN_POINT('',(-69.1393799334764,-0.49999862909317,5.));
#3241=CARTESIAN_POINT('',(-69.1393799334764,-0.49999862909317,5.));
#3242=CARTESIAN_POINT('',(-67.5372118502855,-0.49999862909317,5.));
#3243=CARTESIAN_POINT('Origin',(-67.5372118502855,3.46752494573593,3.));
#3244=CARTESIAN_POINT('',(-67.5372118502855,7.43504852056503,3.));
#3245=CARTESIAN_POINT('',(-67.5372118502855,-0.49999862909317,3.));
#3246=CARTESIAN_POINT('',(-67.5372118502855,3.483762498945,3.));
#3247=CARTESIAN_POINT('',(-67.5372118502855,7.43504852056503,3.));
#3248=CARTESIAN_POINT('',(-67.5372118502855,-0.49999862909317,3.));
#3249=CARTESIAN_POINT('Origin',(-68.338295891881,7.43504852056503,3.));
#3250=CARTESIAN_POINT('',(-69.1393799334764,7.43504852056503,3.));
#3251=CARTESIAN_POINT('',(-73.1691477820277,7.43504852056503,3.));
#3252=CARTESIAN_POINT('',(-69.1393799334764,7.43504852056503,3.));
#3253=CARTESIAN_POINT('Origin',(-69.1393799334764,3.46752494573593,3.));
#3254=CARTESIAN_POINT('',(-69.1393799334764,-0.49999862909317,3.));
#3255=CARTESIAN_POINT('',(-69.1393799334764,3.483762498945,3.));
#3256=CARTESIAN_POINT('',(-69.1393799334764,-0.49999862909317,3.));
#3257=CARTESIAN_POINT('Origin',(-68.338295891881,-0.49999862909317,3.));
#3258=CARTESIAN_POINT('',(-73.1691477820277,-0.49999862909317,3.));
#3259=CARTESIAN_POINT('Origin',(-77.9999996721745,3.50000005215406,5.));
#3260=CARTESIAN_POINT('',(-56.370772793889,1.89783662557602,5.));
#3261=CARTESIAN_POINT('',(-56.370772793889,-0.49999862909317,5.));
#3262=CARTESIAN_POINT('',(-56.370772793889,1.89783662557602,5.));
#3263=CARTESIAN_POINT('',(-55.0717157870531,3.22395294904709,5.));
#3264=CARTESIAN_POINT('',(-55.0717157870531,3.22395294904709,5.));
#3265=CARTESIAN_POINT('',(-52.8903908282518,-0.49999862909317,5.));
#3266=CARTESIAN_POINT('',(-52.8903908282518,-0.49999862909317,5.));
#3267=CARTESIAN_POINT('',(-50.8173222094774,-0.499998629093172,5.));
#3268=CARTESIAN_POINT('',(-50.8173222094774,-0.49999862909317,5.));
#3269=CARTESIAN_POINT('',(-53.9675230532885,4.34438556432724,5.));
#3270=CARTESIAN_POINT('',(-53.9675230532885,4.34438556432724,5.));
#3271=CARTESIAN_POINT('',(-50.9796995669603,7.43504852056503,5.));
#3272=CARTESIAN_POINT('',(-50.9796995669603,7.43504852056503,5.));
#3273=CARTESIAN_POINT('',(-53.1339640170336,7.43504852056503,5.));
#3274=CARTESIAN_POINT('',(-53.1339640170336,7.43504852056503,5.));
#3275=CARTESIAN_POINT('',(-56.370772793889,3.91136735677719,5.));
#3276=CARTESIAN_POINT('',(-56.370772793889,3.91136735677719,5.));
#3277=CARTESIAN_POINT('',(-56.370772793889,7.43504852056503,5.));
#3278=CARTESIAN_POINT('',(-56.370772793889,7.43504852056503,5.));
#3279=CARTESIAN_POINT('',(-57.9729361087084,7.43504852056503,5.));
#3280=CARTESIAN_POINT('',(-57.9729361087084,7.43504852056503,5.));
#3281=CARTESIAN_POINT('',(-57.9729361087084,-0.49999862909317,5.));
#3282=CARTESIAN_POINT('',(-57.9729361087084,-0.49999862909317,5.));
#3283=CARTESIAN_POINT('',(-56.370772793889,-0.49999862909317,5.));
#3284=CARTESIAN_POINT('Origin',(-56.370772793889,0.698918998241424,3.));
#3285=CARTESIAN_POINT('',(-56.370772793889,1.89783662557602,3.));
#3286=CARTESIAN_POINT('',(-56.370772793889,-0.49999862909317,3.));
#3287=CARTESIAN_POINT('',(-56.370772793889,2.09945952519774,3.));
#3288=CARTESIAN_POINT('',(-56.370772793889,1.89783662557602,3.));
#3289=CARTESIAN_POINT('',(-56.370772793889,-0.49999862909317,3.));
#3290=CARTESIAN_POINT('Origin',(-55.7212442904711,2.56089478731155,3.));
#3291=CARTESIAN_POINT('',(-55.0717157870531,3.22395294904709,3.));
#3292=CARTESIAN_POINT('',(-60.9413983121197,-2.76799487858724,3.));
#3293=CARTESIAN_POINT('',(-55.0717157870531,3.22395294904709,3.));
#3294=CARTESIAN_POINT('Origin',(-53.9810533076525,1.36197715997696,3.));
#3295=CARTESIAN_POINT('',(-52.8903908282518,-0.49999862909317,3.));
#3296=CARTESIAN_POINT('',(-57.5151979547623,7.39545854608511,3.));
#3297=CARTESIAN_POINT('',(-52.8903908282518,-0.49999862909317,3.));
#3298=CARTESIAN_POINT('Origin',(-51.8538565188646,-0.49999862909317,3.));
#3299=CARTESIAN_POINT('',(-50.8173222094774,-0.499998629093172,3.));
#3300=CARTESIAN_POINT('',(-64.9269280955195,-0.49999862909317,3.));
#3301=CARTESIAN_POINT('',(-50.8173222094774,-0.499998629093172,3.));
#3302=CARTESIAN_POINT('Origin',(-52.3924226313829,1.92219346761703,3.));
#3303=CARTESIAN_POINT('',(-53.9675230532885,4.34438556432724,3.));
#3304=CARTESIAN_POINT('',(-56.5581452594494,8.32824878095553,3.));
#3305=CARTESIAN_POINT('',(-53.9675230532885,4.34438556432724,3.));
#3306=CARTESIAN_POINT('Origin',(-52.4736113101244,5.88971704244613,3.));
#3307=CARTESIAN_POINT('',(-50.9796995669603,7.43504852056503,3.));
#3308=CARTESIAN_POINT('',(-59.2364221680883,-1.10586656361176,3.));
#3309=CARTESIAN_POINT('',(-50.9796995669603,7.43504852056503,3.));
#3310=CARTESIAN_POINT('Origin',(-52.056831791997,7.43504852056503,3.));
#3311=CARTESIAN_POINT('',(-53.1339640170336,7.43504852056503,3.));
#3312=CARTESIAN_POINT('',(-65.0284157320857,7.43504852056503,3.));
#3313=CARTESIAN_POINT('',(-53.1339640170336,7.43504852056503,3.));
#3314=CARTESIAN_POINT('Origin',(-54.7523684054613,5.67320793867111,3.));
#3315=CARTESIAN_POINT('',(-56.370772793889,3.91136735677719,3.));
#3316=CARTESIAN_POINT('',(-60.6132705597725,-0.707135154692889,3.));
#3317=CARTESIAN_POINT('',(-56.370772793889,3.91136735677719,3.));
#3318=CARTESIAN_POINT('Origin',(-56.370772793889,5.67320793867111,3.));
#3319=CARTESIAN_POINT('',(-56.370772793889,7.43504852056503,3.));
#3320=CARTESIAN_POINT('',(-56.370772793889,4.58660399541259,3.));
#3321=CARTESIAN_POINT('',(-56.370772793889,7.43504852056503,3.));
#3322=CARTESIAN_POINT('Origin',(-57.1718544512987,7.43504852056503,3.));
#3323=CARTESIAN_POINT('',(-57.9729361087084,7.43504852056503,3.));
#3324=CARTESIAN_POINT('',(-67.5859270617366,7.43504852056503,3.));
#3325=CARTESIAN_POINT('',(-57.9729361087084,7.43504852056503,3.));
#3326=CARTESIAN_POINT('Origin',(-57.9729361087084,3.46752494573593,3.));
#3327=CARTESIAN_POINT('',(-57.9729361087084,-0.49999862909317,3.));
#3328=CARTESIAN_POINT('',(-57.9729361087084,3.483762498945,3.));
#3329=CARTESIAN_POINT('',(-57.9729361087084,-0.49999862909317,3.));
#3330=CARTESIAN_POINT('Origin',(-57.1718544512987,-0.49999862909317,3.));
#3331=CARTESIAN_POINT('',(-67.5859270617366,-0.49999862909317,3.));
#3332=CARTESIAN_POINT('Origin',(-77.9999996721745,3.50000005215406,5.));
#3333=CARTESIAN_POINT('',(-90.7469553500414,-0.49999862909317,5.));
#3334=CARTESIAN_POINT('',(-93.7618393450975,-0.49999862909317,5.));
#3335=CARTESIAN_POINT('',(-90.7469553500414,-0.49999862909317,5.));
#3336=CARTESIAN_POINT('',(-89.328822568059,-0.332204401493073,5.));
#3337=CARTESIAN_POINT('Ctrl Pts',(-89.328822568059,-0.332204401493073,5.));
#3338=CARTESIAN_POINT('Ctrl Pts',(-89.5345405939807,-0.380974456086656,
5.));
#3339=CARTESIAN_POINT('Ctrl Pts',(-90.0003258686636,-0.491399262923071,
5.));
#3340=CARTESIAN_POINT('Ctrl Pts',(-90.4794438807079,-0.496917543846904,
5.));
#3341=CARTESIAN_POINT('Ctrl Pts',(-90.7469553500414,-0.49999862909317,5.));
#3342=CARTESIAN_POINT('',(-88.2029766589403,0.301083028316498,5.));
#3343=CARTESIAN_POINT('Ctrl Pts',(-88.2029766589403,0.301083028316498,5.));
#3344=CARTESIAN_POINT('Ctrl Pts',(-88.3608147844436,0.171135366091524,5.));
#3345=CARTESIAN_POINT('Ctrl Pts',(-88.6980229710042,-0.106487137260758,
5.));
#3346=CARTESIAN_POINT('Ctrl Pts',(-89.1097917382469,-0.253829209247312,
5.));
#3347=CARTESIAN_POINT('Ctrl Pts',(-89.328822568059,-0.332204401493073,5.));
#3348=CARTESIAN_POINT('',(-87.3531789332628,1.7029795050621,5.));
#3349=CARTESIAN_POINT('Ctrl Pts',(-87.3531789332628,1.7029795050621,5.));
#3350=CARTESIAN_POINT('Ctrl Pts',(-87.458498503528,1.43254279141648,5.));
#3351=CARTESIAN_POINT('Ctrl Pts',(-87.660017485573,0.915087857786689,5.));
#3352=CARTESIAN_POINT('Ctrl Pts',(-88.0275345156875,0.499481597737033,5.));
#3353=CARTESIAN_POINT('Ctrl Pts',(-88.2029766589403,0.301083028316498,5.));
#3354=CARTESIAN_POINT('',(-87.1096057444811,3.39174717664718,5.));
#3355=CARTESIAN_POINT('Ctrl Pts',(-87.1096057444811,3.39174717664718,5.));
#3356=CARTESIAN_POINT('Ctrl Pts',(-87.1166989701634,3.08575306929531,5.));
#3357=CARTESIAN_POINT('Ctrl Pts',(-87.1299840574916,2.5126487271872,5.));
#3358=CARTESIAN_POINT('Ctrl Pts',(-87.2822236828956,1.96037915266623,5.));
#3359=CARTESIAN_POINT('Ctrl Pts',(-87.3531789332628,1.7029795050621,5.));
#3360=CARTESIAN_POINT('',(-87.3694176226854,5.26725381612778,5.));
#3361=CARTESIAN_POINT('Ctrl Pts',(-87.3694176226854,5.26725381612778,5.));
#3362=CARTESIAN_POINT('Ctrl Pts',(-87.2937770214918,4.98576767771144,5.));
#3363=CARTESIAN_POINT('Ctrl Pts',(-87.1288429163742,4.37198799312238,5.));
#3364=CARTESIAN_POINT('Ctrl Pts',(-87.1163625026884,3.73604155727088,5.));
#3365=CARTESIAN_POINT('Ctrl Pts',(-87.1096057444811,3.39174717664718,5.));
#3366=CARTESIAN_POINT('',(-88.1271976977587,6.55277580022812,5.));
#3367=CARTESIAN_POINT('Ctrl Pts',(-88.1271976977587,6.55277580022812,5.));
#3368=CARTESIAN_POINT('Ctrl Pts',(-87.970032774415,6.36468438612665,5.));
#3369=CARTESIAN_POINT('Ctrl Pts',(-87.6469407099385,5.97801513449321,5.));
#3370=CARTESIAN_POINT('Ctrl Pts',(-87.4635828659684,5.50841938228831,5.));
#3371=CARTESIAN_POINT('Ctrl Pts',(-87.3694176226854,5.26725381612778,5.));
#3372=CARTESIAN_POINT('',(-89.3234104663134,7.28349298238754,5.));
#3373=CARTESIAN_POINT('Ctrl Pts',(-89.3234104663134,7.28349298238754,5.));
#3374=CARTESIAN_POINT('Ctrl Pts',(-89.0991370144325,7.20176201801667,5.));
#3375=CARTESIAN_POINT('Ctrl Pts',(-88.6512854153223,7.03855347601877,5.));
#3376=CARTESIAN_POINT('Ctrl Pts',(-88.3017126958167,6.71453400845578,5.));
#3377=CARTESIAN_POINT('Ctrl Pts',(-88.1271976977587,6.55277580022812,5.));
#3378=CARTESIAN_POINT('',(-90.8335585147142,7.43504852056503,5.));
#3379=CARTESIAN_POINT('Ctrl Pts',(-90.8335585147142,7.43504852056503,5.));
#3380=CARTESIAN_POINT('Ctrl Pts',(-90.5414038925256,7.43347476108032,5.));
#3381=CARTESIAN_POINT('Ctrl Pts',(-90.0327473797345,7.43073476331658,5.));
#3382=CARTESIAN_POINT('Ctrl Pts',(-89.5351887234653,7.32745320376486,5.));
#3383=CARTESIAN_POINT('Ctrl Pts',(-89.3234104663134,7.28349298238754,5.));
#3384=CARTESIAN_POINT('',(-93.7618393450975,7.43504852056503,5.));
#3385=CARTESIAN_POINT('',(-93.7618393450975,7.43504852056503,5.));
#3386=CARTESIAN_POINT('',(-93.7618393450975,-0.49999862909317,5.));
#3387=CARTESIAN_POINT('',(-90.124492123723,6.01691573858261,5.));
#3388=CARTESIAN_POINT('',(-91.43978305161,6.09269469976425,5.));
#3389=CARTESIAN_POINT('Ctrl Pts',(-90.124492123723,6.01691573858261,5.));
#3390=CARTESIAN_POINT('Ctrl Pts',(-90.2898345836841,6.03872034053803,5.));
#3391=CARTESIAN_POINT('Ctrl Pts',(-90.7260498227483,6.09624639680286,5.));
#3392=CARTESIAN_POINT('Ctrl Pts',(-91.1663646110867,6.09405529140583,5.));
#3393=CARTESIAN_POINT('Ctrl Pts',(-91.43978305161,6.09269469976425,5.));
#3394=CARTESIAN_POINT('',(-89.3829483538866,5.64343780279159,5.));
#3395=CARTESIAN_POINT('Ctrl Pts',(-89.3829483538866,5.64343780279159,5.));
#3396=CARTESIAN_POINT('Ctrl Pts',(-89.4894006381955,5.7285289539199,5.));
#3397=CARTESIAN_POINT('Ctrl Pts',(-89.710108615036,5.90494880187784,5.));
#3398=CARTESIAN_POINT('Ctrl Pts',(-89.9831464224192,5.97872395522346,5.));
#3399=CARTESIAN_POINT('Ctrl Pts',(-90.124492123723,6.01691573858261,5.));
#3400=CARTESIAN_POINT('',(-88.9282793551683,4.87483233213425,5.));
#3401=CARTESIAN_POINT('Ctrl Pts',(-88.9282793551683,4.87483233213425,5.));
#3402=CARTESIAN_POINT('Ctrl Pts',(-88.9841840004864,5.02643001922064,5.));
#3403=CARTESIAN_POINT('Ctrl Pts',(-89.089043546519,5.31077963913227,5.));
#3404=CARTESIAN_POINT('Ctrl Pts',(-89.2894065509644,5.5375618742411,5.));
#3405=CARTESIAN_POINT('Ctrl Pts',(-89.3829483538866,5.64343780279159,5.));
#3406=CARTESIAN_POINT('',(-88.7658972293139,3.46211284399032,5.));
#3407=CARTESIAN_POINT('Ctrl Pts',(-88.7658972293139,3.46211284399032,5.));
#3408=CARTESIAN_POINT('Ctrl Pts',(-88.7678637110598,3.7346549951941,5.));
#3409=CARTESIAN_POINT('Ctrl Pts',(-88.7713074664722,4.21193809749325,5.));
#3410=CARTESIAN_POINT('Ctrl Pts',(-88.8811570086368,4.67583407774639,5.));
#3411=CARTESIAN_POINT('Ctrl Pts',(-88.9282793551683,4.87483233213425,5.));
#3412=CARTESIAN_POINT('',(-88.9282793551683,2.00879663228989,5.));
#3413=CARTESIAN_POINT('Ctrl Pts',(-88.9282793551683,2.00879663228989,5.));
#3414=CARTESIAN_POINT('Ctrl Pts',(-88.8811050554525,2.21797103386566,5.));
#3415=CARTESIAN_POINT('Ctrl Pts',(-88.7733123244432,2.69593213003291,5.));
#3416=CARTESIAN_POINT('Ctrl Pts',(-88.7685662414416,3.18633140330457,5.));
#3417=CARTESIAN_POINT('Ctrl Pts',(-88.7658972293139,3.46211284399032,5.));
#3418=CARTESIAN_POINT('',(-89.3477673083544,1.24289840459824,5.));
#3419=CARTESIAN_POINT('Ctrl Pts',(-89.3477673083544,1.24289840459824,5.));
#3420=CARTESIAN_POINT('Ctrl Pts',(-89.2635227601972,1.34185265519118,5.));
#3421=CARTESIAN_POINT('Ctrl Pts',(-89.0714708505043,1.56743820599913,5.));
#3422=CARTESIAN_POINT('Ctrl Pts',(-88.9797604957823,1.85011657135662,5.));
#3423=CARTESIAN_POINT('Ctrl Pts',(-88.9282793551683,2.00879663228989,5.));
#3424=CARTESIAN_POINT('',(-89.9945873767138,0.912722051143646,5.));
#3425=CARTESIAN_POINT('Ctrl Pts',(-89.9945873767138,0.912722051143646,5.));
#3426=CARTESIAN_POINT('Ctrl Pts',(-89.8719991347043,0.949246857956307,5.));
#3427=CARTESIAN_POINT('Ctrl Pts',(-89.6358827080999,1.01959705407349,5.));
#3428=CARTESIAN_POINT('Ctrl Pts',(-89.4413172079932,1.17039336339161,5.));
#3429=CARTESIAN_POINT('Ctrl Pts',(-89.3477673083544,1.24289840459824,5.));
#3430=CARTESIAN_POINT('',(-90.9634632617235,0.836943089962006,5.));
#3431=CARTESIAN_POINT('Ctrl Pts',(-90.9634632617235,0.836943089962006,5.));
#3432=CARTESIAN_POINT('Ctrl Pts',(-90.770296536452,0.836902410402676,5.));
#3433=CARTESIAN_POINT('Ctrl Pts',(-90.4450892748747,0.836833924031257,5.));
#3434=CARTESIAN_POINT('Ctrl Pts',(-90.1246798834799,0.890807655821133,5.));
#3435=CARTESIAN_POINT('Ctrl Pts',(-89.9945873767138,0.912722051143646,5.));
#3436=CARTESIAN_POINT('',(-92.1596736460924,0.836943089962005,5.));
#3437=CARTESIAN_POINT('',(-92.1596736460924,0.836943089962006,5.));
#3438=CARTESIAN_POINT('',(-92.1596736460924,6.09269469976425,5.));
#3439=CARTESIAN_POINT('',(-92.1596736460924,6.09269469976425,5.));
#3440=CARTESIAN_POINT('',(-91.43978305161,6.09269469976425,5.));
#3441=CARTESIAN_POINT('Origin',(-92.2543973475695,-0.49999862909317,3.));
#3442=CARTESIAN_POINT('',(-90.7469553500414,-0.49999862909317,3.));
#3443=CARTESIAN_POINT('',(-93.7618393450975,-0.49999862909317,3.));
#3444=CARTESIAN_POINT('',(-85.127198509872,-0.49999862909317,3.));
#3445=CARTESIAN_POINT('',(-90.7469553500414,-0.49999862909317,3.));
#3446=CARTESIAN_POINT('',(-93.7618393450975,-0.49999862909317,3.));
#3447=CARTESIAN_POINT('Ctrl Pts',(-89.328822568059,-0.332204401493073,3.));
#3448=CARTESIAN_POINT('Ctrl Pts',(-89.328822568059,-0.332204401493073,5.));
#3449=CARTESIAN_POINT('Ctrl Pts',(-89.5345405939807,-0.380974456086656,
3.));
#3450=CARTESIAN_POINT('Ctrl Pts',(-89.5345405939807,-0.380974456086656,
5.));
#3451=CARTESIAN_POINT('Ctrl Pts',(-90.0003258686636,-0.491399262923071,
3.));
#3452=CARTESIAN_POINT('Ctrl Pts',(-90.0003258686636,-0.491399262923071,
5.));
#3453=CARTESIAN_POINT('Ctrl Pts',(-90.4794438807079,-0.496917543846904,
3.));
#3454=CARTESIAN_POINT('Ctrl Pts',(-90.4794438807079,-0.496917543846904,
5.));
#3455=CARTESIAN_POINT('Ctrl Pts',(-90.7469553500414,-0.49999862909317,3.));
#3456=CARTESIAN_POINT('Ctrl Pts',(-90.7469553500414,-0.49999862909317,5.));
#3457=CARTESIAN_POINT('',(-89.328822568059,-0.332204401493073,3.));
#3458=CARTESIAN_POINT('Ctrl Pts',(-89.328822568059,-0.332204401493073,3.));
#3459=CARTESIAN_POINT('Ctrl Pts',(-89.5345405939807,-0.380974456086656,
3.));
#3460=CARTESIAN_POINT('Ctrl Pts',(-90.0003258686636,-0.491399262923071,
3.));
#3461=CARTESIAN_POINT('Ctrl Pts',(-90.4794438807079,-0.496917543846904,
3.));
#3462=CARTESIAN_POINT('Ctrl Pts',(-90.7469553500414,-0.49999862909317,3.));
#3463=CARTESIAN_POINT('',(-89.328822568059,-0.332204401493073,3.));
#3464=CARTESIAN_POINT('Ctrl Pts',(-88.2029766589403,0.301083028316498,3.));
#3465=CARTESIAN_POINT('Ctrl Pts',(-88.2029766589403,0.301083028316498,5.));
#3466=CARTESIAN_POINT('Ctrl Pts',(-88.3608147844436,0.171135366091524,3.));
#3467=CARTESIAN_POINT('Ctrl Pts',(-88.3608147844436,0.171135366091524,5.));
#3468=CARTESIAN_POINT('Ctrl Pts',(-88.6980229710042,-0.106487137260758,
3.));
#3469=CARTESIAN_POINT('Ctrl Pts',(-88.6980229710042,-0.106487137260758,
5.));
#3470=CARTESIAN_POINT('Ctrl Pts',(-89.1097917382469,-0.253829209247312,
3.));
#3471=CARTESIAN_POINT('Ctrl Pts',(-89.1097917382469,-0.253829209247312,
5.));
#3472=CARTESIAN_POINT('Ctrl Pts',(-89.328822568059,-0.332204401493073,3.));
#3473=CARTESIAN_POINT('Ctrl Pts',(-89.328822568059,-0.332204401493073,5.));
#3474=CARTESIAN_POINT('',(-88.2029766589403,0.301083028316498,3.));
#3475=CARTESIAN_POINT('Ctrl Pts',(-88.2029766589403,0.301083028316498,3.));
#3476=CARTESIAN_POINT('Ctrl Pts',(-88.3608147844436,0.171135366091524,3.));
#3477=CARTESIAN_POINT('Ctrl Pts',(-88.6980229710042,-0.106487137260758,
3.));
#3478=CARTESIAN_POINT('Ctrl Pts',(-89.1097917382469,-0.253829209247312,
3.));
#3479=CARTESIAN_POINT('Ctrl Pts',(-89.328822568059,-0.332204401493073,3.));
#3480=CARTESIAN_POINT('',(-88.2029766589403,0.301083028316498,3.));
#3481=CARTESIAN_POINT('Ctrl Pts',(-87.3531789332628,1.7029795050621,3.));
#3482=CARTESIAN_POINT('Ctrl Pts',(-87.3531789332628,1.7029795050621,5.));
#3483=CARTESIAN_POINT('Ctrl Pts',(-87.458498503528,1.43254279141648,3.));
#3484=CARTESIAN_POINT('Ctrl Pts',(-87.458498503528,1.43254279141648,5.));
#3485=CARTESIAN_POINT('Ctrl Pts',(-87.660017485573,0.915087857786689,3.));
#3486=CARTESIAN_POINT('Ctrl Pts',(-87.660017485573,0.915087857786689,5.));
#3487=CARTESIAN_POINT('Ctrl Pts',(-88.0275345156875,0.499481597737033,3.));
#3488=CARTESIAN_POINT('Ctrl Pts',(-88.0275345156875,0.499481597737033,5.));
#3489=CARTESIAN_POINT('Ctrl Pts',(-88.2029766589403,0.301083028316498,3.));
#3490=CARTESIAN_POINT('Ctrl Pts',(-88.2029766589403,0.301083028316498,5.));
#3491=CARTESIAN_POINT('',(-87.3531789332628,1.7029795050621,3.));
#3492=CARTESIAN_POINT('Ctrl Pts',(-87.3531789332628,1.7029795050621,3.));
#3493=CARTESIAN_POINT('Ctrl Pts',(-87.458498503528,1.43254279141648,3.));
#3494=CARTESIAN_POINT('Ctrl Pts',(-87.660017485573,0.915087857786689,3.));
#3495=CARTESIAN_POINT('Ctrl Pts',(-88.0275345156875,0.499481597737033,3.));
#3496=CARTESIAN_POINT('Ctrl Pts',(-88.2029766589403,0.301083028316498,3.));
#3497=CARTESIAN_POINT('',(-87.3531789332628,1.7029795050621,3.));
#3498=CARTESIAN_POINT('Ctrl Pts',(-87.1096057444811,3.39174717664718,3.));
#3499=CARTESIAN_POINT('Ctrl Pts',(-87.1096057444811,3.39174717664718,5.));
#3500=CARTESIAN_POINT('Ctrl Pts',(-87.1166989701634,3.08575306929531,3.));
#3501=CARTESIAN_POINT('Ctrl Pts',(-87.1166989701634,3.08575306929531,5.));
#3502=CARTESIAN_POINT('Ctrl Pts',(-87.1299840574916,2.5126487271872,3.));
#3503=CARTESIAN_POINT('Ctrl Pts',(-87.1299840574916,2.5126487271872,5.));
#3504=CARTESIAN_POINT('Ctrl Pts',(-87.2822236828956,1.96037915266623,3.));
#3505=CARTESIAN_POINT('Ctrl Pts',(-87.2822236828956,1.96037915266623,5.));
#3506=CARTESIAN_POINT('Ctrl Pts',(-87.3531789332628,1.7029795050621,3.));
#3507=CARTESIAN_POINT('Ctrl Pts',(-87.3531789332628,1.7029795050621,5.));
#3508=CARTESIAN_POINT('',(-87.1096057444811,3.39174717664718,3.));
#3509=CARTESIAN_POINT('Ctrl Pts',(-87.1096057444811,3.39174717664718,3.));
#3510=CARTESIAN_POINT('Ctrl Pts',(-87.1166989701634,3.08575306929531,3.));
#3511=CARTESIAN_POINT('Ctrl Pts',(-87.1299840574916,2.5126487271872,3.));
#3512=CARTESIAN_POINT('Ctrl Pts',(-87.2822236828956,1.96037915266623,3.));
#3513=CARTESIAN_POINT('Ctrl Pts',(-87.3531789332628,1.7029795050621,3.));
#3514=CARTESIAN_POINT('',(-87.1096057444811,3.39174717664718,3.));
#3515=CARTESIAN_POINT('Ctrl Pts',(-87.3694176226854,5.26725381612778,3.));
#3516=CARTESIAN_POINT('Ctrl Pts',(-87.3694176226854,5.26725381612778,5.));
#3517=CARTESIAN_POINT('Ctrl Pts',(-87.2937770214918,4.98576767771144,3.));
#3518=CARTESIAN_POINT('Ctrl Pts',(-87.2937770214918,4.98576767771144,5.));
#3519=CARTESIAN_POINT('Ctrl Pts',(-87.1288429163742,4.37198799312238,3.));
#3520=CARTESIAN_POINT('Ctrl Pts',(-87.1288429163742,4.37198799312238,5.));
#3521=CARTESIAN_POINT('Ctrl Pts',(-87.1163625026884,3.73604155727088,3.));
#3522=CARTESIAN_POINT('Ctrl Pts',(-87.1163625026884,3.73604155727088,5.));
#3523=CARTESIAN_POINT('Ctrl Pts',(-87.1096057444811,3.39174717664718,3.));
#3524=CARTESIAN_POINT('Ctrl Pts',(-87.1096057444811,3.39174717664718,5.));
#3525=CARTESIAN_POINT('',(-87.3694176226854,5.26725381612778,3.));
#3526=CARTESIAN_POINT('Ctrl Pts',(-87.3694176226854,5.26725381612778,3.));
#3527=CARTESIAN_POINT('Ctrl Pts',(-87.2937770214918,4.98576767771144,3.));
#3528=CARTESIAN_POINT('Ctrl Pts',(-87.1288429163742,4.37198799312238,3.));
#3529=CARTESIAN_POINT('Ctrl Pts',(-87.1163625026884,3.73604155727088,3.));
#3530=CARTESIAN_POINT('Ctrl Pts',(-87.1096057444811,3.39174717664718,3.));
#3531=CARTESIAN_POINT('',(-87.3694176226854,5.26725381612778,3.));
#3532=CARTESIAN_POINT('Ctrl Pts',(-88.1271976977587,6.55277580022812,3.));
#3533=CARTESIAN_POINT('Ctrl Pts',(-88.1271976977587,6.55277580022812,5.));
#3534=CARTESIAN_POINT('Ctrl Pts',(-87.970032774415,6.36468438612665,3.));
#3535=CARTESIAN_POINT('Ctrl Pts',(-87.970032774415,6.36468438612665,5.));
#3536=CARTESIAN_POINT('Ctrl Pts',(-87.6469407099385,5.97801513449321,3.));
#3537=CARTESIAN_POINT('Ctrl Pts',(-87.6469407099385,5.97801513449321,5.));
#3538=CARTESIAN_POINT('Ctrl Pts',(-87.4635828659684,5.50841938228831,3.));
#3539=CARTESIAN_POINT('Ctrl Pts',(-87.4635828659684,5.50841938228831,5.));
#3540=CARTESIAN_POINT('Ctrl Pts',(-87.3694176226854,5.26725381612778,3.));
#3541=CARTESIAN_POINT('Ctrl Pts',(-87.3694176226854,5.26725381612778,5.));
#3542=CARTESIAN_POINT('',(-88.1271976977587,6.55277580022812,3.));
#3543=CARTESIAN_POINT('Ctrl Pts',(-88.1271976977587,6.55277580022812,3.));
#3544=CARTESIAN_POINT('Ctrl Pts',(-87.970032774415,6.36468438612665,3.));
#3545=CARTESIAN_POINT('Ctrl Pts',(-87.6469407099385,5.97801513449321,3.));
#3546=CARTESIAN_POINT('Ctrl Pts',(-87.4635828659684,5.50841938228831,3.));
#3547=CARTESIAN_POINT('Ctrl Pts',(-87.3694176226854,5.26725381612778,3.));
#3548=CARTESIAN_POINT('',(-88.1271976977587,6.55277580022812,3.));
#3549=CARTESIAN_POINT('Ctrl Pts',(-89.3234104663134,7.28349298238754,3.));
#3550=CARTESIAN_POINT('Ctrl Pts',(-89.3234104663134,7.28349298238754,5.));
#3551=CARTESIAN_POINT('Ctrl Pts',(-89.0991370144325,7.20176201801667,3.));
#3552=CARTESIAN_POINT('Ctrl Pts',(-89.0991370144325,7.20176201801667,5.));
#3553=CARTESIAN_POINT('Ctrl Pts',(-88.6512854153223,7.03855347601877,3.));
#3554=CARTESIAN_POINT('Ctrl Pts',(-88.6512854153223,7.03855347601877,5.));
#3555=CARTESIAN_POINT('Ctrl Pts',(-88.3017126958167,6.71453400845578,3.));
#3556=CARTESIAN_POINT('Ctrl Pts',(-88.3017126958167,6.71453400845578,5.));
#3557=CARTESIAN_POINT('Ctrl Pts',(-88.1271976977587,6.55277580022812,3.));
#3558=CARTESIAN_POINT('Ctrl Pts',(-88.1271976977587,6.55277580022812,5.));
#3559=CARTESIAN_POINT('',(-89.3234104663134,7.28349298238754,3.));
#3560=CARTESIAN_POINT('Ctrl Pts',(-89.3234104663134,7.28349298238754,3.));
#3561=CARTESIAN_POINT('Ctrl Pts',(-89.0991370144325,7.20176201801667,3.));
#3562=CARTESIAN_POINT('Ctrl Pts',(-88.6512854153223,7.03855347601877,3.));
#3563=CARTESIAN_POINT('Ctrl Pts',(-88.3017126958167,6.71453400845578,3.));
#3564=CARTESIAN_POINT('Ctrl Pts',(-88.1271976977587,6.55277580022812,3.));
#3565=CARTESIAN_POINT('',(-89.3234104663134,7.28349298238754,3.));
#3566=CARTESIAN_POINT('Ctrl Pts',(-90.8335585147142,7.43504852056503,3.));
#3567=CARTESIAN_POINT('Ctrl Pts',(-90.8335585147142,7.43504852056503,5.));
#3568=CARTESIAN_POINT('Ctrl Pts',(-90.5414038925256,7.43347476108032,3.));
#3569=CARTESIAN_POINT('Ctrl Pts',(-90.5414038925256,7.43347476108032,5.));
#3570=CARTESIAN_POINT('Ctrl Pts',(-90.0327473797345,7.43073476331658,3.));
#3571=CARTESIAN_POINT('Ctrl Pts',(-90.0327473797345,7.43073476331658,5.));
#3572=CARTESIAN_POINT('Ctrl Pts',(-89.5351887234653,7.32745320376486,3.));
#3573=CARTESIAN_POINT('Ctrl Pts',(-89.5351887234653,7.32745320376486,5.));
#3574=CARTESIAN_POINT('Ctrl Pts',(-89.3234104663134,7.28349298238754,3.));
#3575=CARTESIAN_POINT('Ctrl Pts',(-89.3234104663134,7.28349298238754,5.));
#3576=CARTESIAN_POINT('',(-90.8335585147142,7.43504852056503,3.));
#3577=CARTESIAN_POINT('Ctrl Pts',(-90.8335585147142,7.43504852056503,3.));
#3578=CARTESIAN_POINT('Ctrl Pts',(-90.5414038925256,7.43347476108032,3.));
#3579=CARTESIAN_POINT('Ctrl Pts',(-90.0327473797345,7.43073476331658,3.));
#3580=CARTESIAN_POINT('Ctrl Pts',(-89.5351887234653,7.32745320376486,3.));
#3581=CARTESIAN_POINT('Ctrl Pts',(-89.3234104663134,7.28349298238754,3.));
#3582=CARTESIAN_POINT('',(-90.8335585147142,7.43504852056503,3.));
#3583=CARTESIAN_POINT('Origin',(-92.2976989299059,7.43504852056503,3.));
#3584=CARTESIAN_POINT('',(-93.7618393450975,7.43504852056503,3.));
#3585=CARTESIAN_POINT('',(-85.1488493010402,7.43504852056503,3.));
#3586=CARTESIAN_POINT('',(-93.7618393450975,7.43504852056503,3.));
#3587=CARTESIAN_POINT('Origin',(-93.7618393450975,3.46752494573593,3.));
#3588=CARTESIAN_POINT('',(-93.7618393450975,3.483762498945,3.));
#3589=CARTESIAN_POINT('Ctrl Pts',(-90.124492123723,6.01691573858261,3.));
#3590=CARTESIAN_POINT('Ctrl Pts',(-90.124492123723,6.01691573858261,5.));
#3591=CARTESIAN_POINT('Ctrl Pts',(-90.2898345836841,6.03872034053803,3.));
#3592=CARTESIAN_POINT('Ctrl Pts',(-90.2898345836841,6.03872034053803,5.));
#3593=CARTESIAN_POINT('Ctrl Pts',(-90.7260498227483,6.09624639680286,3.));
#3594=CARTESIAN_POINT('Ctrl Pts',(-90.7260498227483,6.09624639680286,5.));
#3595=CARTESIAN_POINT('Ctrl Pts',(-91.1663646110867,6.09405529140583,3.));
#3596=CARTESIAN_POINT('Ctrl Pts',(-91.1663646110867,6.09405529140583,5.));
#3597=CARTESIAN_POINT('Ctrl Pts',(-91.43978305161,6.09269469976425,3.));
#3598=CARTESIAN_POINT('Ctrl Pts',(-91.43978305161,6.09269469976425,5.));
#3599=CARTESIAN_POINT('',(-90.124492123723,6.01691573858261,3.));
#3600=CARTESIAN_POINT('',(-91.43978305161,6.09269469976425,3.));
#3601=CARTESIAN_POINT('Ctrl Pts',(-90.124492123723,6.01691573858261,3.));
#3602=CARTESIAN_POINT('Ctrl Pts',(-90.2898345836841,6.03872034053803,3.));
#3603=CARTESIAN_POINT('Ctrl Pts',(-90.7260498227483,6.09624639680286,3.));
#3604=CARTESIAN_POINT('Ctrl Pts',(-91.1663646110867,6.09405529140583,3.));
#3605=CARTESIAN_POINT('Ctrl Pts',(-91.43978305161,6.09269469976425,3.));
#3606=CARTESIAN_POINT('',(-90.124492123723,6.01691573858261,3.));
#3607=CARTESIAN_POINT('',(-91.43978305161,6.09269469976425,3.));
#3608=CARTESIAN_POINT('Ctrl Pts',(-89.3829483538866,5.64343780279159,3.));
#3609=CARTESIAN_POINT('Ctrl Pts',(-89.3829483538866,5.64343780279159,5.));
#3610=CARTESIAN_POINT('Ctrl Pts',(-89.4894006381955,5.7285289539199,3.));
#3611=CARTESIAN_POINT('Ctrl Pts',(-89.4894006381955,5.7285289539199,5.));
#3612=CARTESIAN_POINT('Ctrl Pts',(-89.710108615036,5.90494880187784,3.));
#3613=CARTESIAN_POINT('Ctrl Pts',(-89.710108615036,5.90494880187784,5.));
#3614=CARTESIAN_POINT('Ctrl Pts',(-89.9831464224192,5.97872395522346,3.));
#3615=CARTESIAN_POINT('Ctrl Pts',(-89.9831464224192,5.97872395522346,5.));
#3616=CARTESIAN_POINT('Ctrl Pts',(-90.124492123723,6.01691573858261,3.));
#3617=CARTESIAN_POINT('Ctrl Pts',(-90.124492123723,6.01691573858261,5.));
#3618=CARTESIAN_POINT('',(-89.3829483538866,5.64343780279159,3.));
#3619=CARTESIAN_POINT('Ctrl Pts',(-89.3829483538866,5.64343780279159,3.));
#3620=CARTESIAN_POINT('Ctrl Pts',(-89.4894006381955,5.7285289539199,3.));
#3621=CARTESIAN_POINT('Ctrl Pts',(-89.710108615036,5.90494880187784,3.));
#3622=CARTESIAN_POINT('Ctrl Pts',(-89.9831464224192,5.97872395522346,3.));
#3623=CARTESIAN_POINT('Ctrl Pts',(-90.124492123723,6.01691573858261,3.));
#3624=CARTESIAN_POINT('',(-89.3829483538866,5.64343780279159,3.));
#3625=CARTESIAN_POINT('Ctrl Pts',(-88.9282793551683,4.87483233213425,3.));
#3626=CARTESIAN_POINT('Ctrl Pts',(-88.9282793551683,4.87483233213425,5.));
#3627=CARTESIAN_POINT('Ctrl Pts',(-88.9841840004864,5.02643001922064,3.));
#3628=CARTESIAN_POINT('Ctrl Pts',(-88.9841840004864,5.02643001922064,5.));
#3629=CARTESIAN_POINT('Ctrl Pts',(-89.089043546519,5.31077963913227,3.));
#3630=CARTESIAN_POINT('Ctrl Pts',(-89.089043546519,5.31077963913227,5.));
#3631=CARTESIAN_POINT('Ctrl Pts',(-89.2894065509644,5.5375618742411,3.));
#3632=CARTESIAN_POINT('Ctrl Pts',(-89.2894065509644,5.5375618742411,5.));
#3633=CARTESIAN_POINT('Ctrl Pts',(-89.3829483538866,5.64343780279159,3.));
#3634=CARTESIAN_POINT('Ctrl Pts',(-89.3829483538866,5.64343780279159,5.));
#3635=CARTESIAN_POINT('',(-88.9282793551683,4.87483233213425,3.));
#3636=CARTESIAN_POINT('Ctrl Pts',(-88.9282793551683,4.87483233213425,3.));
#3637=CARTESIAN_POINT('Ctrl Pts',(-88.9841840004864,5.02643001922064,3.));
#3638=CARTESIAN_POINT('Ctrl Pts',(-89.089043546519,5.31077963913227,3.));
#3639=CARTESIAN_POINT('Ctrl Pts',(-89.2894065509644,5.5375618742411,3.));
#3640=CARTESIAN_POINT('Ctrl Pts',(-89.3829483538866,5.64343780279159,3.));
#3641=CARTESIAN_POINT('',(-88.9282793551683,4.87483233213425,3.));
#3642=CARTESIAN_POINT('Ctrl Pts',(-88.7658972293139,3.46211284399032,3.));
#3643=CARTESIAN_POINT('Ctrl Pts',(-88.7658972293139,3.46211284399032,5.));
#3644=CARTESIAN_POINT('Ctrl Pts',(-88.7678637110598,3.7346549951941,3.));
#3645=CARTESIAN_POINT('Ctrl Pts',(-88.7678637110598,3.7346549951941,5.));
#3646=CARTESIAN_POINT('Ctrl Pts',(-88.7713074664722,4.21193809749325,3.));
#3647=CARTESIAN_POINT('Ctrl Pts',(-88.7713074664722,4.21193809749325,5.));
#3648=CARTESIAN_POINT('Ctrl Pts',(-88.8811570086368,4.67583407774639,3.));
#3649=CARTESIAN_POINT('Ctrl Pts',(-88.8811570086368,4.67583407774639,5.));
#3650=CARTESIAN_POINT('Ctrl Pts',(-88.9282793551683,4.87483233213425,3.));
#3651=CARTESIAN_POINT('Ctrl Pts',(-88.9282793551683,4.87483233213425,5.));
#3652=CARTESIAN_POINT('',(-88.7658972293139,3.46211284399032,3.));
#3653=CARTESIAN_POINT('Ctrl Pts',(-88.7658972293139,3.46211284399032,3.));
#3654=CARTESIAN_POINT('Ctrl Pts',(-88.7678637110598,3.7346549951941,3.));
#3655=CARTESIAN_POINT('Ctrl Pts',(-88.7713074664722,4.21193809749325,3.));
#3656=CARTESIAN_POINT('Ctrl Pts',(-88.8811570086368,4.67583407774639,3.));
#3657=CARTESIAN_POINT('Ctrl Pts',(-88.9282793551683,4.87483233213425,3.));
#3658=CARTESIAN_POINT('',(-88.7658972293139,3.46211284399032,3.));
#3659=CARTESIAN_POINT('Ctrl Pts',(-88.9282793551683,2.00879663228989,3.));
#3660=CARTESIAN_POINT('Ctrl Pts',(-88.9282793551683,2.00879663228989,5.));
#3661=CARTESIAN_POINT('Ctrl Pts',(-88.8811050554525,2.21797103386566,3.));
#3662=CARTESIAN_POINT('Ctrl Pts',(-88.8811050554525,2.21797103386566,5.));
#3663=CARTESIAN_POINT('Ctrl Pts',(-88.7733123244432,2.69593213003291,3.));
#3664=CARTESIAN_POINT('Ctrl Pts',(-88.7733123244432,2.69593213003291,5.));
#3665=CARTESIAN_POINT('Ctrl Pts',(-88.7685662414416,3.18633140330457,3.));
#3666=CARTESIAN_POINT('Ctrl Pts',(-88.7685662414416,3.18633140330457,5.));
#3667=CARTESIAN_POINT('Ctrl Pts',(-88.7658972293139,3.46211284399032,3.));
#3668=CARTESIAN_POINT('Ctrl Pts',(-88.7658972293139,3.46211284399032,5.));
#3669=CARTESIAN_POINT('',(-88.9282793551683,2.00879663228989,3.));
#3670=CARTESIAN_POINT('Ctrl Pts',(-88.9282793551683,2.00879663228989,3.));
#3671=CARTESIAN_POINT('Ctrl Pts',(-88.8811050554525,2.21797103386566,3.));
#3672=CARTESIAN_POINT('Ctrl Pts',(-88.7733123244432,2.69593213003291,3.));
#3673=CARTESIAN_POINT('Ctrl Pts',(-88.7685662414416,3.18633140330457,3.));
#3674=CARTESIAN_POINT('Ctrl Pts',(-88.7658972293139,3.46211284399032,3.));
#3675=CARTESIAN_POINT('',(-88.9282793551683,2.00879663228989,3.));
#3676=CARTESIAN_POINT('Ctrl Pts',(-89.3477673083544,1.24289840459824,3.));
#3677=CARTESIAN_POINT('Ctrl Pts',(-89.3477673083544,1.24289840459824,5.));
#3678=CARTESIAN_POINT('Ctrl Pts',(-89.2635227601972,1.34185265519118,3.));
#3679=CARTESIAN_POINT('Ctrl Pts',(-89.2635227601972,1.34185265519118,5.));
#3680=CARTESIAN_POINT('Ctrl Pts',(-89.0714708505043,1.56743820599913,3.));
#3681=CARTESIAN_POINT('Ctrl Pts',(-89.0714708505043,1.56743820599913,5.));
#3682=CARTESIAN_POINT('Ctrl Pts',(-88.9797604957823,1.85011657135662,3.));
#3683=CARTESIAN_POINT('Ctrl Pts',(-88.9797604957823,1.85011657135662,5.));
#3684=CARTESIAN_POINT('Ctrl Pts',(-88.9282793551683,2.00879663228989,3.));
#3685=CARTESIAN_POINT('Ctrl Pts',(-88.9282793551683,2.00879663228989,5.));
#3686=CARTESIAN_POINT('',(-89.3477673083544,1.24289840459824,3.));
#3687=CARTESIAN_POINT('Ctrl Pts',(-89.3477673083544,1.24289840459824,3.));
#3688=CARTESIAN_POINT('Ctrl Pts',(-89.2635227601972,1.34185265519118,3.));
#3689=CARTESIAN_POINT('Ctrl Pts',(-89.0714708505043,1.56743820599913,3.));
#3690=CARTESIAN_POINT('Ctrl Pts',(-88.9797604957823,1.85011657135662,3.));
#3691=CARTESIAN_POINT('Ctrl Pts',(-88.9282793551683,2.00879663228989,3.));
#3692=CARTESIAN_POINT('',(-89.3477673083544,1.24289840459824,3.));
#3693=CARTESIAN_POINT('Ctrl Pts',(-89.9945873767138,0.912722051143646,3.));
#3694=CARTESIAN_POINT('Ctrl Pts',(-89.9945873767138,0.912722051143646,5.));
#3695=CARTESIAN_POINT('Ctrl Pts',(-89.8719991347043,0.949246857956307,3.));
#3696=CARTESIAN_POINT('Ctrl Pts',(-89.8719991347043,0.949246857956307,5.));
#3697=CARTESIAN_POINT('Ctrl Pts',(-89.6358827080999,1.01959705407349,3.));
#3698=CARTESIAN_POINT('Ctrl Pts',(-89.6358827080999,1.01959705407349,5.));
#3699=CARTESIAN_POINT('Ctrl Pts',(-89.4413172079932,1.17039336339161,3.));
#3700=CARTESIAN_POINT('Ctrl Pts',(-89.4413172079932,1.17039336339161,5.));
#3701=CARTESIAN_POINT('Ctrl Pts',(-89.3477673083544,1.24289840459824,3.));
#3702=CARTESIAN_POINT('Ctrl Pts',(-89.3477673083544,1.24289840459824,5.));
#3703=CARTESIAN_POINT('',(-89.9945873767138,0.912722051143646,3.));
#3704=CARTESIAN_POINT('Ctrl Pts',(-89.9945873767138,0.912722051143646,3.));
#3705=CARTESIAN_POINT('Ctrl Pts',(-89.8719991347043,0.949246857956307,3.));
#3706=CARTESIAN_POINT('Ctrl Pts',(-89.6358827080999,1.01959705407349,3.));
#3707=CARTESIAN_POINT('Ctrl Pts',(-89.4413172079932,1.17039336339161,3.));
#3708=CARTESIAN_POINT('Ctrl Pts',(-89.3477673083544,1.24289840459824,3.));
#3709=CARTESIAN_POINT('',(-89.9945873767138,0.912722051143646,3.));
#3710=CARTESIAN_POINT('Ctrl Pts',(-90.9634632617235,0.836943089962006,3.));
#3711=CARTESIAN_POINT('Ctrl Pts',(-90.9634632617235,0.836943089962006,5.));
#3712=CARTESIAN_POINT('Ctrl Pts',(-90.770296536452,0.836902410402676,3.));
#3713=CARTESIAN_POINT('Ctrl Pts',(-90.770296536452,0.836902410402676,5.));
#3714=CARTESIAN_POINT('Ctrl Pts',(-90.4450892748747,0.836833924031257,3.));
#3715=CARTESIAN_POINT('Ctrl Pts',(-90.4450892748747,0.836833924031257,5.));
#3716=CARTESIAN_POINT('Ctrl Pts',(-90.1246798834799,0.890807655821133,3.));
#3717=CARTESIAN_POINT('Ctrl Pts',(-90.1246798834799,0.890807655821133,5.));
#3718=CARTESIAN_POINT('Ctrl Pts',(-89.9945873767138,0.912722051143646,3.));
#3719=CARTESIAN_POINT('Ctrl Pts',(-89.9945873767138,0.912722051143646,5.));
#3720=CARTESIAN_POINT('',(-90.9634632617235,0.836943089962006,3.));
#3721=CARTESIAN_POINT('Ctrl Pts',(-90.9634632617235,0.836943089962006,3.));
#3722=CARTESIAN_POINT('Ctrl Pts',(-90.770296536452,0.836902410402676,3.));
#3723=CARTESIAN_POINT('Ctrl Pts',(-90.4450892748747,0.836833924031257,3.));
#3724=CARTESIAN_POINT('Ctrl Pts',(-90.1246798834799,0.890807655821133,3.));
#3725=CARTESIAN_POINT('Ctrl Pts',(-89.9945873767138,0.912722051143646,3.));
#3726=CARTESIAN_POINT('',(-90.9634632617235,0.836943089962006,3.));
#3727=CARTESIAN_POINT('Origin',(-91.561568453908,0.836943089962006,3.));
#3728=CARTESIAN_POINT('',(-92.1596736460924,0.836943089962005,3.));
#3729=CARTESIAN_POINT('',(-84.7807840630412,0.836943089962006,3.));
#3730=CARTESIAN_POINT('',(-92.1596736460924,0.836943089962005,3.));
#3731=CARTESIAN_POINT('Origin',(-92.1596736460924,3.46481889486313,3.));
#3732=CARTESIAN_POINT('',(-92.1596736460924,6.09269469976425,3.));
#3733=CARTESIAN_POINT('',(-92.1596736460924,3.4824094735086,3.));
#3734=CARTESIAN_POINT('',(-92.1596736460924,6.09269469976425,3.));
#3735=CARTESIAN_POINT('Origin',(-91.7997283488512,6.09269469976425,3.));
#3736=CARTESIAN_POINT('',(-84.8998640105128,6.09269469976425,3.));
#3737=CARTESIAN_POINT('Origin',(-77.9999996721745,3.50000005215406,3.));
#3738=CARTESIAN_POINT('Origin',(-92.5000001676381,15.499999653548,0.));
#3739=CARTESIAN_POINT('',(-94.3750001676381,15.499999653548,0.));
#3740=CARTESIAN_POINT('Origin',(-92.5000001676381,15.499999653548,0.));
#3741=CARTESIAN_POINT('',(-94.3750001676381,15.499999653548,3.));
#3742=CARTESIAN_POINT('',(-94.3750001676381,15.499999653548,0.));
#3743=CARTESIAN_POINT('Origin',(-92.5000001676381,15.499999653548,3.));
#3744=CARTESIAN_POINT('Origin',(-92.5000001676381,-8.49999981001019,0.));
#3745=CARTESIAN_POINT('',(-94.3750001676381,-8.49999981001019,0.));
#3746=CARTESIAN_POINT('Origin',(-92.5000001676381,-8.49999981001019,0.));
#3747=CARTESIAN_POINT('',(-94.3750001676381,-8.49999981001019,3.));
#3748=CARTESIAN_POINT('',(-94.3750001676381,-8.49999981001019,0.));
#3749=CARTESIAN_POINT('Origin',(-92.5000001676381,-8.49999981001019,3.));
#3750=CARTESIAN_POINT('Origin',(-47.5000011734664,3.4999999217689,0.));
#3751=CARTESIAN_POINT('',(-49.3750011734664,3.4999999217689,0.));
#3752=CARTESIAN_POINT('Origin',(-47.5000011734664,3.4999999217689,0.));
#3753=CARTESIAN_POINT('',(-49.3750011734664,3.4999999217689,3.));
#3754=CARTESIAN_POINT('',(-49.3750011734664,3.4999999217689,0.));
#3755=CARTESIAN_POINT('Origin',(-47.5000011734664,3.4999999217689,3.));
#3756=CARTESIAN_POINT('Origin',(-42.9999991506338,-13.0000001937151,0.));
#3757=CARTESIAN_POINT('',(-42.9999991506338,20.0000002980232,0.));
#3758=CARTESIAN_POINT('',(-42.9999991506338,-13.0000001937151,0.));
#3759=CARTESIAN_POINT('',(-42.9999991506338,20.0000002980232,0.));
#3760=CARTESIAN_POINT('',(-42.9999991506338,20.0000002980232,3.));
#3761=CARTESIAN_POINT('',(-42.9999991506338,20.0000002980232,0.));
#3762=CARTESIAN_POINT('',(-42.9999991506338,-13.0000001937151,3.));
#3763=CARTESIAN_POINT('',(-42.9999991506338,20.0000002980232,3.));
#3764=CARTESIAN_POINT('',(-42.9999991506338,-13.0000001937151,0.));
#3765=CARTESIAN_POINT('Origin',(-113.000000193715,-13.0000001937151,0.));
#3766=CARTESIAN_POINT('',(-113.000000193715,-13.0000001937151,0.));
#3767=CARTESIAN_POINT('',(-42.9999991506338,-13.0000001937151,0.));
#3768=CARTESIAN_POINT('',(-113.000000193715,-13.0000001937151,3.));
#3769=CARTESIAN_POINT('',(-42.9999991506338,-13.0000001937151,3.));
#3770=CARTESIAN_POINT('',(-113.000000193715,-13.0000001937151,0.));
#3771=CARTESIAN_POINT('Origin',(-113.000000193715,20.0000002980232,0.));
#3772=CARTESIAN_POINT('',(-113.000000193715,20.0000002980232,0.));
#3773=CARTESIAN_POINT('',(-113.000000193715,-13.0000001937151,0.));
#3774=CARTESIAN_POINT('',(-113.000000193715,20.0000002980232,3.));
#3775=CARTESIAN_POINT('',(-113.000000193715,-13.0000001937151,3.));
#3776=CARTESIAN_POINT('',(-113.000000193715,20.0000002980232,0.));
#3777=CARTESIAN_POINT('Origin',(-42.9999991506338,20.0000002980232,0.));
#3778=CARTESIAN_POINT('',(-113.000000193715,20.0000002980232,0.));
#3779=CARTESIAN_POINT('',(-113.000000193715,20.0000002980232,3.));
#3780=CARTESIAN_POINT('Origin',(-77.9999996721745,3.50000005215406,3.));
#3781=CARTESIAN_POINT('Origin',(-77.9999996721745,3.50000005215406,0.));
#3782=UNCERTAINTY_MEASURE_WITH_UNIT(LENGTH_MEASURE(0.01),#3786,
'DISTANCE_ACCURACY_VALUE',
'Maximum model space distance between geometric entities at asserted c
onnectivities');
#3783=UNCERTAINTY_MEASURE_WITH_UNIT(LENGTH_MEASURE(0.01),#3786,
'DISTANCE_ACCURACY_VALUE',
'Maximum model space distance between geometric entities at asserted c
onnectivities');
#3784=(
GEOMETRIC_REPRESENTATION_CONTEXT(3)
GLOBAL_UNCERTAINTY_ASSIGNED_CONTEXT((#3782))
GLOBAL_UNIT_ASSIGNED_CONTEXT((#3786,#3788,#3789))
REPRESENTATION_CONTEXT('','3D')
);
#3785=(
GEOMETRIC_REPRESENTATION_CONTEXT(3)
GLOBAL_UNCERTAINTY_ASSIGNED_CONTEXT((#3783))
GLOBAL_UNIT_ASSIGNED_CONTEXT((#3786,#3788,#3789))
REPRESENTATION_CONTEXT('','3D')
);
#3786=(
LENGTH_UNIT()
NAMED_UNIT(*)
SI_UNIT(.MILLI.,.METRE.)
);
#3787=(
LENGTH_UNIT()
NAMED_UNIT(*)
SI_UNIT($,.METRE.)
);
#3788=(
NAMED_UNIT(*)
PLANE_ANGLE_UNIT()
SI_UNIT($,.RADIAN.)
);
#3789=(
NAMED_UNIT(*)
SI_UNIT($,.STERADIAN.)
SOLID_ANGLE_UNIT()
);
#3790=SHAPE_DEFINITION_REPRESENTATION(#3791,#3792);
#3791=PRODUCT_DEFINITION_SHAPE('',$,#3794);
#3792=SHAPE_REPRESENTATION('',(#2214),#3784);
#3793=PRODUCT_DEFINITION_CONTEXT('part definition',#3798,'design');
#3794=PRODUCT_DEFINITION('INDX link board mount',
'INDX link board mount v2',#3795,#3793);
#3795=PRODUCT_DEFINITION_FORMATION('',$,#3800);
#3796=PRODUCT_RELATED_PRODUCT_CATEGORY('INDX link board mount v2',
'INDX link board mount v2',(#3800));
#3797=APPLICATION_PROTOCOL_DEFINITION('international standard',
'automotive_design',2009,#3798);
#3798=APPLICATION_CONTEXT(
'Core Data for Automotive Mechanical Design Process');
#3799=PRODUCT_CONTEXT('part definition',#3798,'mechanical');
#3800=PRODUCT('INDX link board mount','INDX link board mount v2',$,(#3799));
#3801=PRESENTATION_STYLE_ASSIGNMENT((#3802));
#3802=SURFACE_STYLE_USAGE(.BOTH.,#3803);
#3803=SURFACE_SIDE_STYLE('',(#3804));
#3804=SURFACE_STYLE_FILL_AREA(#3805);
#3805=FILL_AREA_STYLE(
'HP 3D HR CB PA 12 (mit 3D-Drucker HP Jet Fusion 580 Color)',(#3806));
#3806=FILL_AREA_STYLE_COLOUR(
'HP 3D HR CB PA 12 (mit 3D-Drucker HP Jet Fusion 580 Color)',#3807);
#3807=COLOUR_RGB(
'HP 3D HR CB PA 12 (mit 3D-Drucker HP Jet Fusion 580 Color)',0.964705882352941,
0.964705882352941,0.952941176470588);
ENDSEC;
END-ISO-10303-21;
